"filename", "language", "GLSL", "C++", "CMake", "Objective-C++", "XML", "YAML", "Markdown", "Makefile", "HTML", "Shell Script", "C", "Groovy", "comment", "blank", "total"
"c:\Users\benji\WorkSpace\Cpp\physics_simulation\src\apps\main\main.cpp", "C++", 0, 18, 0, 0, 0, 0, 0, 0, 0, 0, 0, 0, 11, 6, 35
"c:\Users\benji\WorkSpace\Cpp\physics_simulation\src\external_libs\KHR\KHR.cpp", "C++", 0, 0, 0, 0, 0, 0, 0, 0, 0, 0, 0, 0, 0, 1, 1
"c:\Users\benji\WorkSpace\Cpp\physics_simulation\src\external_libs\KHR\khrplatform.h", "C++", 0, 117, 0, 0, 0, 0, 0, 0, 0, 0, 0, 0, 165, 30, 312
"c:\Users\benji\WorkSpace\Cpp\physics_simulation\src\external_libs\glad\glad.c", "C", 0, 0, 0, 0, 0, 0, 0, 0, 0, 0, 1474, 0, 25, 47, 1546
"c:\Users\benji\WorkSpace\Cpp\physics_simulation\src\external_libs\glad\glad.h", "C++", 0, 3166, 0, 0, 0, 0, 0, 0, 0, 0, 0, 0, 20, 17, 3203
"c:\Users\benji\WorkSpace\Cpp\physics_simulation\src\external_libs\glm\CMakeLists.txt", "CMake", 0, 0, 60, 0, 0, 0, 0, 0, 0, 0, 0, 0, 0, 10, 70
"c:\Users\benji\WorkSpace\Cpp\physics_simulation\src\external_libs\glm\common.hpp", "C++", 0, 97, 0, 0, 0, 0, 0, 0, 0, 0, 0, 0, 389, 54, 540
"c:\Users\benji\WorkSpace\Cpp\physics_simulation\src\external_libs\glm\detail\_features.hpp", "C++", 0, 110, 0, 0, 0, 0, 0, 0, 0, 0, 0, 0, 185, 100, 395
"c:\Users\benji\WorkSpace\Cpp\physics_simulation\src\external_libs\glm\detail\_fixes.hpp", "C++", 0, 16, 0, 0, 0, 0, 0, 0, 0, 0, 0, 0, 5, 7, 28
"c:\Users\benji\WorkSpace\Cpp\physics_simulation\src\external_libs\glm\detail\_noise.hpp", "C++", 0, 67, 0, 0, 0, 0, 0, 0, 0, 0, 0, 0, 0, 15, 82
"c:\Users\benji\WorkSpace\Cpp\physics_simulation\src\external_libs\glm\detail\_swizzle.hpp", "C++", 0, 704, 0, 0, 0, 0, 0, 0, 0, 0, 0, 0, 55, 46, 805
"c:\Users\benji\WorkSpace\Cpp\physics_simulation\src\external_libs\glm\detail\_swizzle_func.hpp", "C++", 0, 648, 0, 0, 0, 0, 0, 0, 0, 0, 0, 0, 0, 35, 683
"c:\Users\benji\WorkSpace\Cpp\physics_simulation\src\external_libs\glm\detail\_vectorize.hpp", "C++", 0, 142, 0, 0, 0, 0, 0, 0, 0, 0, 0, 0, 0, 21, 163
"c:\Users\benji\WorkSpace\Cpp\physics_simulation\src\external_libs\glm\detail\compute_common.hpp", "C++", 0, 43, 0, 0, 0, 0, 0, 0, 0, 0, 0, 0, 1, 7, 51
"c:\Users\benji\WorkSpace\Cpp\physics_simulation\src\external_libs\glm\detail\compute_vector_decl.hpp", "C++", 0, 161, 0, 0, 0, 0, 0, 0, 0, 0, 0, 0, 0, 30, 191
"c:\Users\benji\WorkSpace\Cpp\physics_simulation\src\external_libs\glm\detail\compute_vector_relational.hpp", "C++", 0, 16, 0, 0, 0, 0, 0, 0, 0, 0, 0, 0, 12, 3, 31
"c:\Users\benji\WorkSpace\Cpp\physics_simulation\src\external_libs\glm\detail\func_common.inl", "C++", 0, 638, 0, 0, 0, 0, 0, 0, 0, 0, 0, 0, 43, 112, 793
"c:\Users\benji\WorkSpace\Cpp\physics_simulation\src\external_libs\glm\detail\func_common_simd.inl", "C++", 0, 195, 0, 0, 0, 0, 0, 0, 0, 0, 0, 0, 14, 23, 232
"c:\Users\benji\WorkSpace\Cpp\physics_simulation\src\external_libs\glm\detail\func_exponential.inl", "C++", 0, 123, 0, 0, 0, 0, 0, 0, 0, 0, 0, 0, 9, 21, 153
"c:\Users\benji\WorkSpace\Cpp\physics_simulation\src\external_libs\glm\detail\func_exponential_simd.inl", "C++", 0, 30, 0, 0, 0, 0, 0, 0, 0, 0, 0, 0, 2, 6, 38
"c:\Users\benji\WorkSpace\Cpp\physics_simulation\src\external_libs\glm\detail\func_geometric.inl", "C++", 0, 193, 0, 0, 0, 0, 0, 0, 0, 0, 0, 0, 17, 34, 244
"c:\Users\benji\WorkSpace\Cpp\physics_simulation\src\external_libs\glm\detail\func_geometric_simd.inl", "C++", 0, 143, 0, 0, 0, 0, 0, 0, 0, 0, 0, 0, 2, 19, 164
"c:\Users\benji\WorkSpace\Cpp\physics_simulation\src\external_libs\glm\detail\func_integer.inl", "C++", 0, 325, 0, 0, 0, 0, 0, 0, 0, 0, 0, 0, 11, 57, 393
"c:\Users\benji\WorkSpace\Cpp\physics_simulation\src\external_libs\glm\detail\func_integer_simd.inl", "C++", 0, 52, 0, 0, 0, 0, 0, 0, 0, 0, 0, 0, 0, 14, 66
"c:\Users\benji\WorkSpace\Cpp\physics_simulation\src\external_libs\glm\detail\func_matrix.inl", "C++", 0, 386, 0, 0, 0, 0, 0, 0, 0, 0, 0, 0, 0, 58, 444
"c:\Users\benji\WorkSpace\Cpp\physics_simulation\src\external_libs\glm\detail\func_matrix_simd.inl", "C++", 0, 194, 0, 0, 0, 0, 0, 0, 0, 0, 0, 0, 24, 35, 253
"c:\Users\benji\WorkSpace\Cpp\physics_simulation\src\external_libs\glm\detail\func_packing.inl", "C++", 0, 144, 0, 0, 0, 0, 0, 0, 0, 0, 0, 0, 2, 44, 190
"c:\Users\benji\WorkSpace\Cpp\physics_simulation\src\external_libs\glm\detail\func_packing_simd.inl", "C++", 0, 5, 0, 0, 0, 0, 0, 0, 0, 0, 0, 0, 0, 2, 7
"c:\Users\benji\WorkSpace\Cpp\physics_simulation\src\external_libs\glm\detail\func_trigonometric.inl", "C++", 0, 145, 0, 0, 0, 0, 0, 0, 0, 0, 0, 0, 14, 39, 198
"c:\Users\benji\WorkSpace\Cpp\physics_simulation\src\external_libs\glm\detail\func_trigonometric_simd.inl", "C++", 0, 0, 0, 0, 0, 0, 0, 0, 0, 0, 0, 0, 0, 1, 1
"c:\Users\benji\WorkSpace\Cpp\physics_simulation\src\external_libs\glm\detail\func_vector_relational.inl", "C++", 0, 78, 0, 0, 0, 0, 0, 0, 0, 0, 0, 0, 0, 10, 88
"c:\Users\benji\WorkSpace\Cpp\physics_simulation\src\external_libs\glm\detail\func_vector_relational_simd.inl", "C++", 0, 5, 0, 0, 0, 0, 0, 0, 0, 0, 0, 0, 0, 2, 7
"c:\Users\benji\WorkSpace\Cpp\physics_simulation\src\external_libs\glm\detail\glm.cpp", "C++", 0, 198, 0, 0, 0, 0, 0, 0, 0, 0, 0, 0, 17, 49, 264
"c:\Users\benji\WorkSpace\Cpp\physics_simulation\src\external_libs\glm\detail\qualifier.hpp", "C++", 0, 196, 0, 0, 0, 0, 0, 0, 0, 0, 0, 0, 1, 33, 230
"c:\Users\benji\WorkSpace\Cpp\physics_simulation\src\external_libs\glm\detail\setup.hpp", "C++", 0, 917, 0, 0, 0, 0, 0, 0, 0, 0, 0, 0, 104, 168, 1189
"c:\Users\benji\WorkSpace\Cpp\physics_simulation\src\external_libs\glm\detail\type_float.hpp", "C++", 0, 51, 0, 0, 0, 0, 0, 0, 0, 0, 0, 0, 3, 15, 69
"c:\Users\benji\WorkSpace\Cpp\physics_simulation\src\external_libs\glm\detail\type_half.hpp", "C++", 0, 11, 0, 0, 0, 0, 0, 0, 0, 0, 0, 0, 0, 6, 17
"c:\Users\benji\WorkSpace\Cpp\physics_simulation\src\external_libs\glm\detail\type_half.inl", "C++", 0, 121, 0, 0, 0, 0, 0, 0, 0, 0, 0, 0, 80, 41, 242
"c:\Users\benji\WorkSpace\Cpp\physics_simulation\src\external_libs\glm\detail\type_mat2x2.hpp", "C++", 0, 120, 0, 0, 0, 0, 0, 0, 0, 0, 0, 0, 11, 47, 178
"c:\Users\benji\WorkSpace\Cpp\physics_simulation\src\external_libs\glm\detail\type_mat2x2.inl", "C++", 0, 465, 0, 0, 0, 0, 0, 0, 0, 0, 0, 0, 9, 63, 537
"c:\Users\benji\WorkSpace\Cpp\physics_simulation\src\external_libs\glm\detail\type_mat2x3.hpp", "C++", 0, 107, 0, 0, 0, 0, 0, 0, 0, 0, 0, 0, 11, 42, 160
"c:\Users\benji\WorkSpace\Cpp\physics_simulation\src\external_libs\glm\detail\type_mat2x3.inl", "C++", 0, 445, 0, 0, 0, 0, 0, 0, 0, 0, 0, 0, 9, 57, 511
"c:\Users\benji\WorkSpace\Cpp\physics_simulation\src\external_libs\glm\detail\type_mat2x4.hpp", "C++", 0, 109, 0, 0, 0, 0, 0, 0, 0, 0, 0, 0, 11, 42, 162
"c:\Users\benji\WorkSpace\Cpp\physics_simulation\src\external_libs\glm\detail\type_mat2x4.inl", "C++", 0, 455, 0, 0, 0, 0, 0, 0, 0, 0, 0, 0, 9, 57, 521
"c:\Users\benji\WorkSpace\Cpp\physics_simulation\src\external_libs\glm\detail\type_mat3x2.hpp", "C++", 0, 114, 0, 0, 0, 0, 0, 0, 0, 0, 0, 0, 11, 43, 168
"c:\Users\benji\WorkSpace\Cpp\physics_simulation\src\external_libs\glm\detail\type_mat3x2.inl", "C++", 0, 467, 0, 0, 0, 0, 0, 0, 0, 0, 0, 0, 9, 57, 533
"c:\Users\benji\WorkSpace\Cpp\physics_simulation\src\external_libs\glm\detail\type_mat3x3.hpp", "C++", 0, 127, 0, 0, 0, 0, 0, 0, 0, 0, 0, 0, 11, 47, 185
"c:\Users\benji\WorkSpace\Cpp\physics_simulation\src\external_libs\glm\detail\type_mat3x3.inl", "C++", 0, 528, 0, 0, 0, 0, 0, 0, 0, 0, 0, 0, 9, 65, 602
"c:\Users\benji\WorkSpace\Cpp\physics_simulation\src\external_libs\glm\detail\type_mat3x4.hpp", "C++", 0, 114, 0, 0, 0, 0, 0, 0, 0, 0, 0, 0, 11, 42, 167
"c:\Users\benji\WorkSpace\Cpp\physics_simulation\src\external_libs\glm\detail\type_mat3x4.inl", "C++", 0, 513, 0, 0, 0, 0, 0, 0, 0, 0, 0, 0, 9, 57, 579
"c:\Users\benji\WorkSpace\Cpp\physics_simulation\src\external_libs\glm\detail\type_mat4x2.hpp", "C++", 0, 119, 0, 0, 0, 0, 0, 0, 0, 0, 0, 0, 11, 42, 172
"c:\Users\benji\WorkSpace\Cpp\physics_simulation\src\external_libs\glm\detail\type_mat4x2.inl", "C++", 0, 509, 0, 0, 0, 0, 0, 0, 0, 0, 0, 0, 9, 57, 575
"c:\Users\benji\WorkSpace\Cpp\physics_simulation\src\external_libs\glm\detail\type_mat4x3.hpp", "C++", 0, 119, 0, 0, 0, 0, 0, 0, 0, 0, 0, 0, 11, 42, 172
"c:\Users\benji\WorkSpace\Cpp\physics_simulation\src\external_libs\glm\detail\type_mat4x3.inl", "C++", 0, 533, 0, 0, 0, 0, 0, 0, 0, 0, 0, 0, 9, 57, 599
"c:\Users\benji\WorkSpace\Cpp\physics_simulation\src\external_libs\glm\detail\type_mat4x4.hpp", "C++", 0, 132, 0, 0, 0, 0, 0, 0, 0, 0, 0, 0, 11, 47, 190
"c:\Users\benji\WorkSpace\Cpp\physics_simulation\src\external_libs\glm\detail\type_mat4x4.inl", "C++", 0, 598, 0, 0, 0, 0, 0, 0, 0, 0, 0, 0, 36, 73, 707
"c:\Users\benji\WorkSpace\Cpp\physics_simulation\src\external_libs\glm\detail\type_mat4x4_simd.inl", "C++", 0, 3, 0, 0, 0, 0, 0, 0, 0, 0, 0, 0, 1, 3, 7
"c:\Users\benji\WorkSpace\Cpp\physics_simulation\src\external_libs\glm\detail\type_quat.hpp", "C++", 0, 126, 0, 0, 0, 0, 0, 0, 0, 0, 0, 0, 22, 46, 194
"c:\Users\benji\WorkSpace\Cpp\physics_simulation\src\external_libs\glm\detail\type_quat.inl", "C++", 0, 336, 0, 0, 0, 0, 0, 0, 0, 0, 0, 0, 29, 60, 425
"c:\Users\benji\WorkSpace\Cpp\physics_simulation\src\external_libs\glm\detail\type_quat_simd.inl", "C++", 0, 135, 0, 0, 0, 0, 0, 0, 0, 0, 0, 0, 55, 19, 209
"c:\Users\benji\WorkSpace\Cpp\physics_simulation\src\external_libs\glm\detail\type_vec1.hpp", "C++", 0, 194, 0, 0, 0, 0, 0, 0, 0, 0, 0, 0, 47, 68, 309
"c:\Users\benji\WorkSpace\Cpp\physics_simulation\src\external_libs\glm\detail\type_vec1.inl", "C++", 0, 455, 0, 0, 0, 0, 0, 0, 0, 0, 0, 0, 13, 86, 554
"c:\Users\benji\WorkSpace\Cpp\physics_simulation\src\external_libs\glm\detail\type_vec2.hpp", "C++", 0, 288, 0, 0, 0, 0, 0, 0, 0, 0, 0, 0, 21, 94, 403
"c:\Users\benji\WorkSpace\Cpp\physics_simulation\src\external_libs\glm\detail\type_vec2.inl", "C++", 0, 781, 0, 0, 0, 0, 0, 0, 0, 0, 0, 0, 13, 122, 916
"c:\Users\benji\WorkSpace\Cpp\physics_simulation\src\external_libs\glm\detail\type_vec3.hpp", "C++", 0, 317, 0, 0, 0, 0, 0, 0, 0, 0, 0, 0, 24, 96, 437
"c:\Users\benji\WorkSpace\Cpp\physics_simulation\src\external_libs\glm\detail\type_vec3.inl", "C++", 0, 929, 0, 0, 0, 0, 0, 0, 0, 0, 0, 0, 13, 129, 1071
"c:\Users\benji\WorkSpace\Cpp\physics_simulation\src\external_libs\glm\detail\type_vec4.hpp", "C++", 0, 372, 0, 0, 0, 0, 0, 0, 0, 0, 0, 0, 36, 101, 509
"c:\Users\benji\WorkSpace\Cpp\physics_simulation\src\external_libs\glm\detail\type_vec4.inl", "C++", 0, 968, 0, 0, 0, 0, 0, 0, 0, 0, 0, 0, 13, 162, 1143
"c:\Users\benji\WorkSpace\Cpp\physics_simulation\src\external_libs\glm\detail\type_vec4_simd.inl", "C++", 0, 688, 0, 0, 0, 0, 0, 0, 0, 0, 0, 0, 8, 93, 789
"c:\Users\benji\WorkSpace\Cpp\physics_simulation\src\external_libs\glm\exponential.hpp", "C++", 0, 24, 0, 0, 0, 0, 0, 0, 0, 0, 0, 0, 74, 13, 111
"c:\Users\benji\WorkSpace\Cpp\physics_simulation\src\external_libs\glm\ext.hpp", "C++", 0, 239, 0, 0, 0, 0, 0, 0, 0, 0, 0, 0, 3, 26, 268
"c:\Users\benji\WorkSpace\Cpp\physics_simulation\src\external_libs\glm\ext\_matrix_vectorize.hpp", "C++", 0, 98, 0, 0, 0, 0, 0, 0, 0, 0, 0, 0, 0, 31, 129
"c:\Users\benji\WorkSpace\Cpp\physics_simulation\src\external_libs\glm\ext\matrix_clip_space.hpp", "C++", 0, 137, 0, 0, 0, 0, 0, 0, 0, 0, 0, 0, 336, 50, 523
"c:\Users\benji\WorkSpace\Cpp\physics_simulation\src\external_libs\glm\ext\matrix_clip_space.inl", "C++", 0, 528, 0, 0, 0, 0, 0, 0, 0, 0, 0, 0, 1, 67, 596
"c:\Users\benji\WorkSpace\Cpp\physics_simulation\src\external_libs\glm\ext\matrix_common.hpp", "C++", 0, 16, 0, 0, 0, 0, 0, 0, 0, 0, 0, 0, 14, 10, 40
"c:\Users\benji\WorkSpace\Cpp\physics_simulation\src\external_libs\glm\ext\matrix_common.inl", "C++", 0, 28, 0, 0, 0, 0, 0, 0, 0, 0, 0, 0, 0, 7, 35
"c:\Users\benji\WorkSpace\Cpp\physics_simulation\src\external_libs\glm\ext\matrix_double2x2.hpp", "C++", 0, 7, 0, 0, 0, 0, 0, 0, 0, 0, 0, 0, 11, 6, 24
"c:\Users\benji\WorkSpace\Cpp\physics_simulation\src\external_libs\glm\ext\matrix_double2x2_precision.hpp", "C++", 0, 11, 0, 0, 0, 0, 0, 0, 0, 0, 0, 0, 29, 10, 50
"c:\Users\benji\WorkSpace\Cpp\physics_simulation\src\external_libs\glm\ext\matrix_double2x3.hpp", "C++", 0, 6, 0, 0, 0, 0, 0, 0, 0, 0, 0, 0, 8, 5, 19
"c:\Users\benji\WorkSpace\Cpp\physics_simulation\src\external_libs\glm\ext\matrix_double2x3_precision.hpp", "C++", 0, 8, 0, 0, 0, 0, 0, 0, 0, 0, 0, 0, 17, 7, 32
"c:\Users\benji\WorkSpace\Cpp\physics_simulation\src\external_libs\glm\ext\matrix_double2x4.hpp", "C++", 0, 6, 0, 0, 0, 0, 0, 0, 0, 0, 0, 0, 8, 5, 19
"c:\Users\benji\WorkSpace\Cpp\physics_simulation\src\external_libs\glm\ext\matrix_double2x4_precision.hpp", "C++", 0, 8, 0, 0, 0, 0, 0, 0, 0, 0, 0, 0, 17, 7, 32
"c:\Users\benji\WorkSpace\Cpp\physics_simulation\src\external_libs\glm\ext\matrix_double3x2.hpp", "C++", 0, 6, 0, 0, 0, 0, 0, 0, 0, 0, 0, 0, 8, 5, 19
"c:\Users\benji\WorkSpace\Cpp\physics_simulation\src\external_libs\glm\ext\matrix_double3x2_precision.hpp", "C++", 0, 8, 0, 0, 0, 0, 0, 0, 0, 0, 0, 0, 17, 7, 32
"c:\Users\benji\WorkSpace\Cpp\physics_simulation\src\external_libs\glm\ext\matrix_double3x3.hpp", "C++", 0, 7, 0, 0, 0, 0, 0, 0, 0, 0, 0, 0, 11, 6, 24
"c:\Users\benji\WorkSpace\Cpp\physics_simulation\src\external_libs\glm\ext\matrix_double3x3_precision.hpp", "C++", 0, 11, 0, 0, 0, 0, 0, 0, 0, 0, 0, 0, 29, 10, 50
"c:\Users\benji\WorkSpace\Cpp\physics_simulation\src\external_libs\glm\ext\matrix_double3x4.hpp", "C++", 0, 6, 0, 0, 0, 0, 0, 0, 0, 0, 0, 0, 8, 5, 19
"c:\Users\benji\WorkSpace\Cpp\physics_simulation\src\external_libs\glm\ext\matrix_double3x4_precision.hpp", "C++", 0, 8, 0, 0, 0, 0, 0, 0, 0, 0, 0, 0, 17, 7, 32
"c:\Users\benji\WorkSpace\Cpp\physics_simulation\src\external_libs\glm\ext\matrix_double4x2.hpp", "C++", 0, 6, 0, 0, 0, 0, 0, 0, 0, 0, 0, 0, 8, 5, 19
"c:\Users\benji\WorkSpace\Cpp\physics_simulation\src\external_libs\glm\ext\matrix_double4x2_precision.hpp", "C++", 0, 8, 0, 0, 0, 0, 0, 0, 0, 0, 0, 0, 17, 7, 32
"c:\Users\benji\WorkSpace\Cpp\physics_simulation\src\external_libs\glm\ext\matrix_double4x3.hpp", "C++", 0, 6, 0, 0, 0, 0, 0, 0, 0, 0, 0, 0, 8, 5, 19
"c:\Users\benji\WorkSpace\Cpp\physics_simulation\src\external_libs\glm\ext\matrix_double4x3_precision.hpp", "C++", 0, 8, 0, 0, 0, 0, 0, 0, 0, 0, 0, 0, 17, 7, 32
"c:\Users\benji\WorkSpace\Cpp\physics_simulation\src\external_libs\glm\ext\matrix_double4x4.hpp", "C++", 0, 7, 0, 0, 0, 0, 0, 0, 0, 0, 0, 0, 11, 6, 24
"c:\Users\benji\WorkSpace\Cpp\physics_simulation\src\external_libs\glm\ext\matrix_double4x4_precision.hpp", "C++", 0, 11, 0, 0, 0, 0, 0, 0, 0, 0, 0, 0, 29, 10, 50
"c:\Users\benji\WorkSpace\Cpp\physics_simulation\src\external_libs\glm\ext\matrix_float2x2.hpp", "C++", 0, 7, 0, 0, 0, 0, 0, 0, 0, 0, 0, 0, 11, 6, 24
"c:\Users\benji\WorkSpace\Cpp\physics_simulation\src\external_libs\glm\ext\matrix_float2x2_precision.hpp", "C++", 0, 11, 0, 0, 0, 0, 0, 0, 0, 0, 0, 0, 29, 10, 50
"c:\Users\benji\WorkSpace\Cpp\physics_simulation\src\external_libs\glm\ext\matrix_float2x3.hpp", "C++", 0, 6, 0, 0, 0, 0, 0, 0, 0, 0, 0, 0, 8, 5, 19
"c:\Users\benji\WorkSpace\Cpp\physics_simulation\src\external_libs\glm\ext\matrix_float2x3_precision.hpp", "C++", 0, 8, 0, 0, 0, 0, 0, 0, 0, 0, 0, 0, 17, 7, 32
"c:\Users\benji\WorkSpace\Cpp\physics_simulation\src\external_libs\glm\ext\matrix_float2x4.hpp", "C++", 0, 6, 0, 0, 0, 0, 0, 0, 0, 0, 0, 0, 8, 5, 19
"c:\Users\benji\WorkSpace\Cpp\physics_simulation\src\external_libs\glm\ext\matrix_float2x4_precision.hpp", "C++", 0, 8, 0, 0, 0, 0, 0, 0, 0, 0, 0, 0, 17, 7, 32
"c:\Users\benji\WorkSpace\Cpp\physics_simulation\src\external_libs\glm\ext\matrix_float3x2.hpp", "C++", 0, 6, 0, 0, 0, 0, 0, 0, 0, 0, 0, 0, 8, 5, 19
"c:\Users\benji\WorkSpace\Cpp\physics_simulation\src\external_libs\glm\ext\matrix_float3x2_precision.hpp", "C++", 0, 8, 0, 0, 0, 0, 0, 0, 0, 0, 0, 0, 17, 7, 32
"c:\Users\benji\WorkSpace\Cpp\physics_simulation\src\external_libs\glm\ext\matrix_float3x3.hpp", "C++", 0, 7, 0, 0, 0, 0, 0, 0, 0, 0, 0, 0, 11, 6, 24
"c:\Users\benji\WorkSpace\Cpp\physics_simulation\src\external_libs\glm\ext\matrix_float3x3_precision.hpp", "C++", 0, 11, 0, 0, 0, 0, 0, 0, 0, 0, 0, 0, 29, 10, 50
"c:\Users\benji\WorkSpace\Cpp\physics_simulation\src\external_libs\glm\ext\matrix_float3x4.hpp", "C++", 0, 6, 0, 0, 0, 0, 0, 0, 0, 0, 0, 0, 8, 5, 19
"c:\Users\benji\WorkSpace\Cpp\physics_simulation\src\external_libs\glm\ext\matrix_float3x4_precision.hpp", "C++", 0, 8, 0, 0, 0, 0, 0, 0, 0, 0, 0, 0, 17, 7, 32
"c:\Users\benji\WorkSpace\Cpp\physics_simulation\src\external_libs\glm\ext\matrix_float4x2.hpp", "C++", 0, 6, 0, 0, 0, 0, 0, 0, 0, 0, 0, 0, 8, 5, 19
"c:\Users\benji\WorkSpace\Cpp\physics_simulation\src\external_libs\glm\ext\matrix_float4x2_precision.hpp", "C++", 0, 8, 0, 0, 0, 0, 0, 0, 0, 0, 0, 0, 17, 7, 32
"c:\Users\benji\WorkSpace\Cpp\physics_simulation\src\external_libs\glm\ext\matrix_float4x3.hpp", "C++", 0, 6, 0, 0, 0, 0, 0, 0, 0, 0, 0, 0, 8, 5, 19
"c:\Users\benji\WorkSpace\Cpp\physics_simulation\src\external_libs\glm\ext\matrix_float4x3_precision.hpp", "C++", 0, 8, 0, 0, 0, 0, 0, 0, 0, 0, 0, 0, 17, 7, 32
"c:\Users\benji\WorkSpace\Cpp\physics_simulation\src\external_libs\glm\ext\matrix_float4x4.hpp", "C++", 0, 7, 0, 0, 0, 0, 0, 0, 0, 0, 0, 0, 11, 6, 24
"c:\Users\benji\WorkSpace\Cpp\physics_simulation\src\external_libs\glm\ext\matrix_float4x4_precision.hpp", "C++", 0, 11, 0, 0, 0, 0, 0, 0, 0, 0, 0, 0, 29, 10, 50
"c:\Users\benji\WorkSpace\Cpp\physics_simulation\src\external_libs\glm\ext\matrix_int2x2.hpp", "C++", 0, 10, 0, 0, 0, 0, 0, 0, 0, 0, 0, 0, 21, 8, 39
"c:\Users\benji\WorkSpace\Cpp\physics_simulation\src\external_libs\glm\ext\matrix_int2x2_sized.hpp", "C++", 0, 17, 0, 0, 0, 0, 0, 0, 0, 0, 0, 0, 39, 15, 71
"c:\Users\benji\WorkSpace\Cpp\physics_simulation\src\external_libs\glm\ext\matrix_int2x3.hpp", "C++", 0, 9, 0, 0, 0, 0, 0, 0, 0, 0, 0, 0, 18, 7, 34
"c:\Users\benji\WorkSpace\Cpp\physics_simulation\src\external_libs\glm\ext\matrix_int2x3_sized.hpp", "C++", 0, 13, 0, 0, 0, 0, 0, 0, 0, 0, 0, 0, 27, 10, 50
"c:\Users\benji\WorkSpace\Cpp\physics_simulation\src\external_libs\glm\ext\matrix_int2x4.hpp", "C++", 0, 9, 0, 0, 0, 0, 0, 0, 0, 0, 0, 0, 18, 7, 34
"c:\Users\benji\WorkSpace\Cpp\physics_simulation\src\external_libs\glm\ext\matrix_int2x4_sized.hpp", "C++", 0, 13, 0, 0, 0, 0, 0, 0, 0, 0, 0, 0, 27, 10, 50
"c:\Users\benji\WorkSpace\Cpp\physics_simulation\src\external_libs\glm\ext\matrix_int3x2.hpp", "C++", 0, 9, 0, 0, 0, 0, 0, 0, 0, 0, 0, 0, 18, 7, 34
"c:\Users\benji\WorkSpace\Cpp\physics_simulation\src\external_libs\glm\ext\matrix_int3x2_sized.hpp", "C++", 0, 13, 0, 0, 0, 0, 0, 0, 0, 0, 0, 0, 27, 10, 50
"c:\Users\benji\WorkSpace\Cpp\physics_simulation\src\external_libs\glm\ext\matrix_int3x3.hpp", "C++", 0, 10, 0, 0, 0, 0, 0, 0, 0, 0, 0, 0, 21, 8, 39
"c:\Users\benji\WorkSpace\Cpp\physics_simulation\src\external_libs\glm\ext\matrix_int3x3_sized.hpp", "C++", 0, 17, 0, 0, 0, 0, 0, 0, 0, 0, 0, 0, 39, 15, 71
"c:\Users\benji\WorkSpace\Cpp\physics_simulation\src\external_libs\glm\ext\matrix_int3x4.hpp", "C++", 0, 9, 0, 0, 0, 0, 0, 0, 0, 0, 0, 0, 18, 7, 34
"c:\Users\benji\WorkSpace\Cpp\physics_simulation\src\external_libs\glm\ext\matrix_int3x4_sized.hpp", "C++", 0, 13, 0, 0, 0, 0, 0, 0, 0, 0, 0, 0, 27, 10, 50
"c:\Users\benji\WorkSpace\Cpp\physics_simulation\src\external_libs\glm\ext\matrix_int4x2.hpp", "C++", 0, 9, 0, 0, 0, 0, 0, 0, 0, 0, 0, 0, 18, 7, 34
"c:\Users\benji\WorkSpace\Cpp\physics_simulation\src\external_libs\glm\ext\matrix_int4x2_sized.hpp", "C++", 0, 13, 0, 0, 0, 0, 0, 0, 0, 0, 0, 0, 27, 10, 50
"c:\Users\benji\WorkSpace\Cpp\physics_simulation\src\external_libs\glm\ext\matrix_int4x3.hpp", "C++", 0, 9, 0, 0, 0, 0, 0, 0, 0, 0, 0, 0, 18, 7, 34
"c:\Users\benji\WorkSpace\Cpp\physics_simulation\src\external_libs\glm\ext\matrix_int4x3_sized.hpp", "C++", 0, 13, 0, 0, 0, 0, 0, 0, 0, 0, 0, 0, 27, 10, 50
"c:\Users\benji\WorkSpace\Cpp\physics_simulation\src\external_libs\glm\ext\matrix_int4x4.hpp", "C++", 0, 10, 0, 0, 0, 0, 0, 0, 0, 0, 0, 0, 21, 8, 39
"c:\Users\benji\WorkSpace\Cpp\physics_simulation\src\external_libs\glm\ext\matrix_int4x4_sized.hpp", "C++", 0, 17, 0, 0, 0, 0, 0, 0, 0, 0, 0, 0, 39, 15, 71
"c:\Users\benji\WorkSpace\Cpp\physics_simulation\src\external_libs\glm\ext\matrix_integer.hpp", "C++", 0, 20, 0, 0, 0, 0, 0, 0, 0, 0, 0, 0, 61, 11, 92
"c:\Users\benji\WorkSpace\Cpp\physics_simulation\src\external_libs\glm\ext\matrix_integer.inl", "C++", 0, 34, 0, 0, 0, 0, 0, 0, 0, 0, 0, 0, 0, 5, 39
"c:\Users\benji\WorkSpace\Cpp\physics_simulation\src\external_libs\glm\ext\matrix_projection.hpp", "C++", 0, 33, 0, 0, 0, 0, 0, 0, 0, 0, 0, 0, 103, 14, 150
"c:\Users\benji\WorkSpace\Cpp\physics_simulation\src\external_libs\glm\ext\matrix_projection.inl", "C++", 0, 85, 0, 0, 0, 0, 0, 0, 0, 0, 0, 0, 1, 21, 107
"c:\Users\benji\WorkSpace\Cpp\physics_simulation\src\external_libs\glm\ext\matrix_relational.hpp", "C++", 0, 29, 0, 0, 0, 0, 0, 0, 0, 0, 0, 0, 87, 17, 133
"c:\Users\benji\WorkSpace\Cpp\physics_simulation\src\external_libs\glm\ext\matrix_relational.inl", "C++", 0, 73, 0, 0, 0, 0, 0, 0, 0, 0, 0, 0, 3, 13, 89
"c:\Users\benji\WorkSpace\Cpp\physics_simulation\src\external_libs\glm\ext\matrix_transform.hpp", "C++", 0, 35, 0, 0, 0, 0, 0, 0, 0, 0, 0, 0, 122, 15, 172
"c:\Users\benji\WorkSpace\Cpp\physics_simulation\src\external_libs\glm\ext\matrix_transform.inl", "C++", 0, 180, 0, 0, 0, 0, 0, 0, 0, 0, 0, 0, 0, 28, 208
"c:\Users\benji\WorkSpace\Cpp\physics_simulation\src\external_libs\glm\ext\matrix_uint2x2.hpp", "C++", 0, 10, 0, 0, 0, 0, 0, 0, 0, 0, 0, 0, 21, 8, 39
"c:\Users\benji\WorkSpace\Cpp\physics_simulation\src\external_libs\glm\ext\matrix_uint2x2_sized.hpp", "C++", 0, 17, 0, 0, 0, 0, 0, 0, 0, 0, 0, 0, 39, 15, 71
"c:\Users\benji\WorkSpace\Cpp\physics_simulation\src\external_libs\glm\ext\matrix_uint2x3.hpp", "C++", 0, 9, 0, 0, 0, 0, 0, 0, 0, 0, 0, 0, 18, 7, 34
"c:\Users\benji\WorkSpace\Cpp\physics_simulation\src\external_libs\glm\ext\matrix_uint2x3_sized.hpp", "C++", 0, 13, 0, 0, 0, 0, 0, 0, 0, 0, 0, 0, 27, 10, 50
"c:\Users\benji\WorkSpace\Cpp\physics_simulation\src\external_libs\glm\ext\matrix_uint2x4.hpp", "C++", 0, 9, 0, 0, 0, 0, 0, 0, 0, 0, 0, 0, 18, 7, 34
"c:\Users\benji\WorkSpace\Cpp\physics_simulation\src\external_libs\glm\ext\matrix_uint2x4_sized.hpp", "C++", 0, 13, 0, 0, 0, 0, 0, 0, 0, 0, 0, 0, 27, 10, 50
"c:\Users\benji\WorkSpace\Cpp\physics_simulation\src\external_libs\glm\ext\matrix_uint3x2.hpp", "C++", 0, 9, 0, 0, 0, 0, 0, 0, 0, 0, 0, 0, 18, 7, 34
"c:\Users\benji\WorkSpace\Cpp\physics_simulation\src\external_libs\glm\ext\matrix_uint3x2_sized.hpp", "C++", 0, 13, 0, 0, 0, 0, 0, 0, 0, 0, 0, 0, 27, 10, 50
"c:\Users\benji\WorkSpace\Cpp\physics_simulation\src\external_libs\glm\ext\matrix_uint3x3.hpp", "C++", 0, 10, 0, 0, 0, 0, 0, 0, 0, 0, 0, 0, 21, 8, 39
"c:\Users\benji\WorkSpace\Cpp\physics_simulation\src\external_libs\glm\ext\matrix_uint3x3_sized.hpp", "C++", 0, 17, 0, 0, 0, 0, 0, 0, 0, 0, 0, 0, 39, 15, 71
"c:\Users\benji\WorkSpace\Cpp\physics_simulation\src\external_libs\glm\ext\matrix_uint3x4.hpp", "C++", 0, 9, 0, 0, 0, 0, 0, 0, 0, 0, 0, 0, 18, 7, 34
"c:\Users\benji\WorkSpace\Cpp\physics_simulation\src\external_libs\glm\ext\matrix_uint3x4_sized.hpp", "C++", 0, 13, 0, 0, 0, 0, 0, 0, 0, 0, 0, 0, 27, 10, 50
"c:\Users\benji\WorkSpace\Cpp\physics_simulation\src\external_libs\glm\ext\matrix_uint4x2.hpp", "C++", 0, 9, 0, 0, 0, 0, 0, 0, 0, 0, 0, 0, 18, 7, 34
"c:\Users\benji\WorkSpace\Cpp\physics_simulation\src\external_libs\glm\ext\matrix_uint4x2_sized.hpp", "C++", 0, 13, 0, 0, 0, 0, 0, 0, 0, 0, 0, 0, 27, 10, 50
"c:\Users\benji\WorkSpace\Cpp\physics_simulation\src\external_libs\glm\ext\matrix_uint4x3.hpp", "C++", 0, 9, 0, 0, 0, 0, 0, 0, 0, 0, 0, 0, 18, 7, 34
"c:\Users\benji\WorkSpace\Cpp\physics_simulation\src\external_libs\glm\ext\matrix_uint4x3_sized.hpp", "C++", 0, 13, 0, 0, 0, 0, 0, 0, 0, 0, 0, 0, 27, 10, 50
"c:\Users\benji\WorkSpace\Cpp\physics_simulation\src\external_libs\glm\ext\matrix_uint4x4.hpp", "C++", 0, 10, 0, 0, 0, 0, 0, 0, 0, 0, 0, 0, 21, 8, 39
"c:\Users\benji\WorkSpace\Cpp\physics_simulation\src\external_libs\glm\ext\matrix_uint4x4_sized.hpp", "C++", 0, 17, 0, 0, 0, 0, 0, 0, 0, 0, 0, 0, 39, 15, 71
"c:\Users\benji\WorkSpace\Cpp\physics_simulation\src\external_libs\glm\ext\quaternion_common.hpp", "C++", 0, 30, 0, 0, 0, 0, 0, 0, 0, 0, 0, 0, 91, 15, 136
"c:\Users\benji\WorkSpace\Cpp\physics_simulation\src\external_libs\glm\ext\quaternion_common.inl", "C++", 0, 107, 0, 0, 0, 0, 0, 0, 0, 0, 0, 0, 14, 24, 145
"c:\Users\benji\WorkSpace\Cpp\physics_simulation\src\external_libs\glm\ext\quaternion_common_simd.inl", "C++", 0, 15, 0, 0, 0, 0, 0, 0, 0, 0, 0, 0, 0, 4, 19
"c:\Users\benji\WorkSpace\Cpp\physics_simulation\src\external_libs\glm\ext\quaternion_double.hpp", "C++", 0, 9, 0, 0, 0, 0, 0, 0, 0, 0, 0, 0, 23, 8, 40
"c:\Users\benji\WorkSpace\Cpp\physics_simulation\src\external_libs\glm\ext\quaternion_double_precision.hpp", "C++", 0, 11, 0, 0, 0, 0, 0, 0, 0, 0, 0, 0, 22, 10, 43
"c:\Users\benji\WorkSpace\Cpp\physics_simulation\src\external_libs\glm\ext\quaternion_exponential.hpp", "C++", 0, 20, 0, 0, 0, 0, 0, 0, 0, 0, 0, 0, 33, 11, 64
"c:\Users\benji\WorkSpace\Cpp\physics_simulation\src\external_libs\glm\ext\quaternion_exponential.inl", "C++", 0, 64, 0, 0, 0, 0, 0, 0, 0, 0, 0, 0, 12, 14, 90
"c:\Users\benji\WorkSpace\Cpp\physics_simulation\src\external_libs\glm\ext\quaternion_float.hpp", "C++", 0, 9, 0, 0, 0, 0, 0, 0, 0, 0, 0, 0, 23, 8, 40
"c:\Users\benji\WorkSpace\Cpp\physics_simulation\src\external_libs\glm\ext\quaternion_float_precision.hpp", "C++", 0, 11, 0, 0, 0, 0, 0, 0, 0, 0, 0, 0, 16, 10, 37
"c:\Users\benji\WorkSpace\Cpp\physics_simulation\src\external_libs\glm\ext\quaternion_geometric.hpp", "C++", 0, 19, 0, 0, 0, 0, 0, 0, 0, 0, 0, 0, 41, 11, 71
"c:\Users\benji\WorkSpace\Cpp\physics_simulation\src\external_libs\glm\ext\quaternion_geometric.inl", "C++", 0, 32, 0, 0, 0, 0, 0, 0, 0, 0, 0, 0, 0, 5, 37
"c:\Users\benji\WorkSpace\Cpp\physics_simulation\src\external_libs\glm\ext\quaternion_relational.hpp", "C++", 0, 17, 0, 0, 0, 0, 0, 0, 0, 0, 0, 0, 35, 11, 63
"c:\Users\benji\WorkSpace\Cpp\physics_simulation\src\external_libs\glm\ext\quaternion_relational.inl", "C++", 0, 31, 0, 0, 0, 0, 0, 0, 0, 0, 0, 0, 0, 5, 36
"c:\Users\benji\WorkSpace\Cpp\physics_simulation\src\external_libs\glm\ext\quaternion_transform.hpp", "C++", 0, 13, 0, 0, 0, 0, 0, 0, 0, 0, 0, 0, 28, 7, 48
"c:\Users\benji\WorkSpace\Cpp\physics_simulation\src\external_libs\glm\ext\quaternion_transform.inl", "C++", 0, 19, 0, 0, 0, 0, 0, 0, 0, 0, 0, 0, 1, 5, 25
"c:\Users\benji\WorkSpace\Cpp\physics_simulation\src\external_libs\glm\ext\quaternion_trigonometric.hpp", "C++", 0, 19, 0, 0, 0, 0, 0, 0, 0, 0, 0, 0, 37, 10, 66
"c:\Users\benji\WorkSpace\Cpp\physics_simulation\src\external_libs\glm\ext\quaternion_trigonometric.inl", "C++", 0, 32, 0, 0, 0, 0, 0, 0, 0, 0, 0, 0, 0, 6, 38
"c:\Users\benji\WorkSpace\Cpp\physics_simulation\src\external_libs\glm\ext\scalar_common.hpp", "C++", 0, 43, 0, 0, 0, 0, 0, 0, 0, 0, 0, 0, 115, 24, 182
"c:\Users\benji\WorkSpace\Cpp\physics_simulation\src\external_libs\glm\ext\scalar_common.inl", "C++", 0, 144, 0, 0, 0, 0, 0, 0, 0, 0, 0, 0, 1, 26, 171
"c:\Users\benji\WorkSpace\Cpp\physics_simulation\src\external_libs\glm\ext\scalar_constants.hpp", "C++", 0, 15, 0, 0, 0, 0, 0, 0, 0, 0, 0, 0, 16, 10, 41
"c:\Users\benji\WorkSpace\Cpp\physics_simulation\src\external_libs\glm\ext\scalar_constants.inl", "C++", 0, 21, 0, 0, 0, 0, 0, 0, 0, 0, 0, 0, 0, 4, 25
"c:\Users\benji\WorkSpace\Cpp\physics_simulation\src\external_libs\glm\ext\scalar_int_sized.hpp", "C++", 0, 38, 0, 0, 0, 0, 0, 0, 0, 0, 0, 0, 18, 15, 71
"c:\Users\benji\WorkSpace\Cpp\physics_simulation\src\external_libs\glm\ext\scalar_integer.hpp", "C++", 0, 29, 0, 0, 0, 0, 0, 0, 0, 0, 0, 0, 50, 14, 93
"c:\Users\benji\WorkSpace\Cpp\physics_simulation\src\external_libs\glm\ext\scalar_integer.inl", "C++", 0, 208, 0, 0, 0, 0, 0, 0, 0, 0, 0, 0, 0, 36, 244
"c:\Users\benji\WorkSpace\Cpp\physics_simulation\src\external_libs\glm\ext\scalar_packing.hpp", "C++", 0, 9, 0, 0, 0, 0, 0, 0, 0, 0, 0, 0, 16, 8, 33
"c:\Users\benji\WorkSpace\Cpp\physics_simulation\src\external_libs\glm\ext\scalar_packing.inl", "C++", 0, 0, 0, 0, 0, 0, 0, 0, 0, 0, 0, 0, 0, 1, 1
"c:\Users\benji\WorkSpace\Cpp\physics_simulation\src\external_libs\glm\ext\scalar_reciprocal.hpp", "C++", 0, 33, 0, 0, 0, 0, 0, 0, 0, 0, 0, 0, 84, 19, 136
"c:\Users\benji\WorkSpace\Cpp\physics_simulation\src\external_libs\glm\ext\scalar_reciprocal.inl", "C++", 0, 79, 0, 0, 0, 0, 0, 0, 0, 0, 0, 0, 13, 16, 108
"c:\Users\benji\WorkSpace\Cpp\physics_simulation\src\external_libs\glm\ext\scalar_relational.hpp", "C++", 0, 17, 0, 0, 0, 0, 0, 0, 0, 0, 0, 0, 41, 11, 69
"c:\Users\benji\WorkSpace\Cpp\physics_simulation\src\external_libs\glm\ext\scalar_relational.inl", "C++", 0, 32, 0, 0, 0, 0, 0, 0, 0, 0, 0, 0, 2, 7, 41
"c:\Users\benji\WorkSpace\Cpp\physics_simulation\src\external_libs\glm\ext\scalar_uint_sized.hpp", "C++", 0, 38, 0, 0, 0, 0, 0, 0, 0, 0, 0, 0, 18, 15, 71
"c:\Users\benji\WorkSpace\Cpp\physics_simulation\src\external_libs\glm\ext\scalar_ulp.hpp", "C++", 0, 21, 0, 0, 0, 0, 0, 0, 0, 0, 0, 0, 44, 13, 78
"c:\Users\benji\WorkSpace\Cpp\physics_simulation\src\external_libs\glm\ext\scalar_ulp.inl", "C++", 0, 257, 0, 0, 0, 0, 0, 0, 0, 0, 0, 0, 7, 28, 292
"c:\Users\benji\WorkSpace\Cpp\physics_simulation\src\external_libs\glm\ext\vector_bool1.hpp", "C++", 0, 9, 0, 0, 0, 0, 0, 0, 0, 0, 0, 0, 15, 7, 31
"c:\Users\benji\WorkSpace\Cpp\physics_simulation\src\external_libs\glm\ext\vector_bool1_precision.hpp", "C++", 0, 11, 0, 0, 0, 0, 0, 0, 0, 0, 0, 0, 15, 9, 35
"c:\Users\benji\WorkSpace\Cpp\physics_simulation\src\external_libs\glm\ext\vector_bool2.hpp", "C++", 0, 6, 0, 0, 0, 0, 0, 0, 0, 0, 0, 0, 8, 5, 19
"c:\Users\benji\WorkSpace\Cpp\physics_simulation\src\external_libs\glm\ext\vector_bool2_precision.hpp", "C++", 0, 8, 0, 0, 0, 0, 0, 0, 0, 0, 0, 0, 17, 7, 32
"c:\Users\benji\WorkSpace\Cpp\physics_simulation\src\external_libs\glm\ext\vector_bool3.hpp", "C++", 0, 6, 0, 0, 0, 0, 0, 0, 0, 0, 0, 0, 8, 5, 19
"c:\Users\benji\WorkSpace\Cpp\physics_simulation\src\external_libs\glm\ext\vector_bool3_precision.hpp", "C++", 0, 8, 0, 0, 0, 0, 0, 0, 0, 0, 0, 0, 17, 7, 32
"c:\Users\benji\WorkSpace\Cpp\physics_simulation\src\external_libs\glm\ext\vector_bool4.hpp", "C++", 0, 6, 0, 0, 0, 0, 0, 0, 0, 0, 0, 0, 8, 5, 19
"c:\Users\benji\WorkSpace\Cpp\physics_simulation\src\external_libs\glm\ext\vector_bool4_precision.hpp", "C++", 0, 8, 0, 0, 0, 0, 0, 0, 0, 0, 0, 0, 17, 7, 32
"c:\Users\benji\WorkSpace\Cpp\physics_simulation\src\external_libs\glm\ext\vector_common.hpp", "C++", 0, 50, 0, 0, 0, 0, 0, 0, 0, 0, 0, 0, 152, 27, 229
"c:\Users\benji\WorkSpace\Cpp\physics_simulation\src\external_libs\glm\ext\vector_common.inl", "C++", 0, 125, 0, 0, 0, 0, 0, 0, 0, 0, 0, 0, 0, 23, 148
"c:\Users\benji\WorkSpace\Cpp\physics_simulation\src\external_libs\glm\ext\vector_double1.hpp", "C++", 0, 9, 0, 0, 0, 0, 0, 0, 0, 0, 0, 0, 16, 7, 32
"c:\Users\benji\WorkSpace\Cpp\physics_simulation\src\external_libs\glm\ext\vector_double1_precision.hpp", "C++", 0, 11, 0, 0, 0, 0, 0, 0, 0, 0, 0, 0, 17, 9, 37
"c:\Users\benji\WorkSpace\Cpp\physics_simulation\src\external_libs\glm\ext\vector_double2.hpp", "C++", 0, 6, 0, 0, 0, 0, 0, 0, 0, 0, 0, 0, 8, 5, 19
"c:\Users\benji\WorkSpace\Cpp\physics_simulation\src\external_libs\glm\ext\vector_double2_precision.hpp", "C++", 0, 8, 0, 0, 0, 0, 0, 0, 0, 0, 0, 0, 17, 7, 32
"c:\Users\benji\WorkSpace\Cpp\physics_simulation\src\external_libs\glm\ext\vector_double3.hpp", "C++", 0, 6, 0, 0, 0, 0, 0, 0, 0, 0, 0, 0, 8, 5, 19
"c:\Users\benji\WorkSpace\Cpp\physics_simulation\src\external_libs\glm\ext\vector_double3_precision.hpp", "C++", 0, 8, 0, 0, 0, 0, 0, 0, 0, 0, 0, 0, 20, 7, 35
"c:\Users\benji\WorkSpace\Cpp\physics_simulation\src\external_libs\glm\ext\vector_double4.hpp", "C++", 0, 6, 0, 0, 0, 0, 0, 0, 0, 0, 0, 0, 8, 5, 19
"c:\Users\benji\WorkSpace\Cpp\physics_simulation\src\external_libs\glm\ext\vector_double4_precision.hpp", "C++", 0, 9, 0, 0, 0, 0, 0, 0, 0, 0, 0, 0, 20, 7, 36
"c:\Users\benji\WorkSpace\Cpp\physics_simulation\src\external_libs\glm\ext\vector_float1.hpp", "C++", 0, 9, 0, 0, 0, 0, 0, 0, 0, 0, 0, 0, 16, 7, 32
"c:\Users\benji\WorkSpace\Cpp\physics_simulation\src\external_libs\glm\ext\vector_float1_precision.hpp", "C++", 0, 11, 0, 0, 0, 0, 0, 0, 0, 0, 0, 0, 17, 9, 37
"c:\Users\benji\WorkSpace\Cpp\physics_simulation\src\external_libs\glm\ext\vector_float2.hpp", "C++", 0, 6, 0, 0, 0, 0, 0, 0, 0, 0, 0, 0, 8, 5, 19
"c:\Users\benji\WorkSpace\Cpp\physics_simulation\src\external_libs\glm\ext\vector_float2_precision.hpp", "C++", 0, 8, 0, 0, 0, 0, 0, 0, 0, 0, 0, 0, 17, 7, 32
"c:\Users\benji\WorkSpace\Cpp\physics_simulation\src\external_libs\glm\ext\vector_float3.hpp", "C++", 0, 6, 0, 0, 0, 0, 0, 0, 0, 0, 0, 0, 8, 5, 19
"c:\Users\benji\WorkSpace\Cpp\physics_simulation\src\external_libs\glm\ext\vector_float3_precision.hpp", "C++", 0, 8, 0, 0, 0, 0, 0, 0, 0, 0, 0, 0, 17, 7, 32
"c:\Users\benji\WorkSpace\Cpp\physics_simulation\src\external_libs\glm\ext\vector_float4.hpp", "C++", 0, 6, 0, 0, 0, 0, 0, 0, 0, 0, 0, 0, 8, 5, 19
"c:\Users\benji\WorkSpace\Cpp\physics_simulation\src\external_libs\glm\ext\vector_float4_precision.hpp", "C++", 0, 8, 0, 0, 0, 0, 0, 0, 0, 0, 0, 0, 17, 7, 32
"c:\Users\benji\WorkSpace\Cpp\physics_simulation\src\external_libs\glm\ext\vector_int1.hpp", "C++", 0, 9, 0, 0, 0, 0, 0, 0, 0, 0, 0, 0, 16, 8, 33
"c:\Users\benji\WorkSpace\Cpp\physics_simulation\src\external_libs\glm\ext\vector_int1_sized.hpp", "C++", 0, 13, 0, 0, 0, 0, 0, 0, 0, 0, 0, 0, 27, 10, 50
"c:\Users\benji\WorkSpace\Cpp\physics_simulation\src\external_libs\glm\ext\vector_int2.hpp", "C++", 0, 6, 0, 0, 0, 0, 0, 0, 0, 0, 0, 0, 8, 5, 19
"c:\Users\benji\WorkSpace\Cpp\physics_simulation\src\external_libs\glm\ext\vector_int2_sized.hpp", "C++", 0, 13, 0, 0, 0, 0, 0, 0, 0, 0, 0, 0, 27, 10, 50
"c:\Users\benji\WorkSpace\Cpp\physics_simulation\src\external_libs\glm\ext\vector_int3.hpp", "C++", 0, 6, 0, 0, 0, 0, 0, 0, 0, 0, 0, 0, 8, 5, 19
"c:\Users\benji\WorkSpace\Cpp\physics_simulation\src\external_libs\glm\ext\vector_int3_sized.hpp", "C++", 0, 13, 0, 0, 0, 0, 0, 0, 0, 0, 0, 0, 27, 10, 50
"c:\Users\benji\WorkSpace\Cpp\physics_simulation\src\external_libs\glm\ext\vector_int4.hpp", "C++", 0, 6, 0, 0, 0, 0, 0, 0, 0, 0, 0, 0, 8, 5, 19
"c:\Users\benji\WorkSpace\Cpp\physics_simulation\src\external_libs\glm\ext\vector_int4_sized.hpp", "C++", 0, 13, 0, 0, 0, 0, 0, 0, 0, 0, 0, 0, 27, 10, 50
"c:\Users\benji\WorkSpace\Cpp\physics_simulation\src\external_libs\glm\ext\vector_integer.hpp", "C++", 0, 34, 0, 0, 0, 0, 0, 0, 0, 0, 0, 0, 99, 17, 150
"c:\Users\benji\WorkSpace\Cpp\physics_simulation\src\external_libs\glm\ext\vector_integer.inl", "C++", 0, 65, 0, 0, 0, 0, 0, 0, 0, 0, 0, 0, 0, 21, 86
"c:\Users\benji\WorkSpace\Cpp\physics_simulation\src\external_libs\glm\ext\vector_packing.hpp", "C++", 0, 9, 0, 0, 0, 0, 0, 0, 0, 0, 0, 0, 16, 8, 33
"c:\Users\benji\WorkSpace\Cpp\physics_simulation\src\external_libs\glm\ext\vector_packing.inl", "C++", 0, 0, 0, 0, 0, 0, 0, 0, 0, 0, 0, 0, 0, 1, 1
"c:\Users\benji\WorkSpace\Cpp\physics_simulation\src\external_libs\glm\ext\vector_reciprocal.hpp", "C++", 0, 33, 0, 0, 0, 0, 0, 0, 0, 0, 0, 0, 84, 19, 136
"c:\Users\benji\WorkSpace\Cpp\physics_simulation\src\external_libs\glm\ext\vector_reciprocal.inl", "C++", 0, 79, 0, 0, 0, 0, 0, 0, 0, 0, 0, 0, 13, 14, 106
"c:\Users\benji\WorkSpace\Cpp\physics_simulation\src\external_libs\glm\ext\vector_relational.hpp", "C++", 0, 25, 0, 0, 0, 0, 0, 0, 0, 0, 0, 0, 68, 15, 108
"c:\Users\benji\WorkSpace\Cpp\physics_simulation\src\external_libs\glm\ext\vector_relational.inl", "C++", 0, 62, 0, 0, 0, 0, 0, 0, 0, 0, 0, 0, 3, 11, 76
"c:\Users\benji\WorkSpace\Cpp\physics_simulation\src\external_libs\glm\ext\vector_uint1.hpp", "C++", 0, 9, 0, 0, 0, 0, 0, 0, 0, 0, 0, 0, 16, 8, 33
"c:\Users\benji\WorkSpace\Cpp\physics_simulation\src\external_libs\glm\ext\vector_uint1_sized.hpp", "C++", 0, 13, 0, 0, 0, 0, 0, 0, 0, 0, 0, 0, 27, 10, 50
"c:\Users\benji\WorkSpace\Cpp\physics_simulation\src\external_libs\glm\ext\vector_uint2.hpp", "C++", 0, 6, 0, 0, 0, 0, 0, 0, 0, 0, 0, 0, 8, 5, 19
"c:\Users\benji\WorkSpace\Cpp\physics_simulation\src\external_libs\glm\ext\vector_uint2_sized.hpp", "C++", 0, 13, 0, 0, 0, 0, 0, 0, 0, 0, 0, 0, 27, 10, 50
"c:\Users\benji\WorkSpace\Cpp\physics_simulation\src\external_libs\glm\ext\vector_uint3.hpp", "C++", 0, 6, 0, 0, 0, 0, 0, 0, 0, 0, 0, 0, 8, 5, 19
"c:\Users\benji\WorkSpace\Cpp\physics_simulation\src\external_libs\glm\ext\vector_uint3_sized.hpp", "C++", 0, 13, 0, 0, 0, 0, 0, 0, 0, 0, 0, 0, 27, 10, 50
"c:\Users\benji\WorkSpace\Cpp\physics_simulation\src\external_libs\glm\ext\vector_uint4.hpp", "C++", 0, 6, 0, 0, 0, 0, 0, 0, 0, 0, 0, 0, 8, 5, 19
"c:\Users\benji\WorkSpace\Cpp\physics_simulation\src\external_libs\glm\ext\vector_uint4_sized.hpp", "C++", 0, 13, 0, 0, 0, 0, 0, 0, 0, 0, 0, 0, 27, 10, 50
"c:\Users\benji\WorkSpace\Cpp\physics_simulation\src\external_libs\glm\ext\vector_ulp.hpp", "C++", 0, 25, 0, 0, 0, 0, 0, 0, 0, 0, 0, 0, 73, 15, 113
"c:\Users\benji\WorkSpace\Cpp\physics_simulation\src\external_libs\glm\ext\vector_ulp.inl", "C++", 0, 67, 0, 0, 0, 0, 0, 0, 0, 0, 0, 0, 0, 8, 75
"c:\Users\benji\WorkSpace\Cpp\physics_simulation\src\external_libs\glm\fwd.hpp", "C++", 0, 1013, 0, 0, 0, 0, 0, 0, 0, 0, 0, 0, 12, 209, 1234
"c:\Users\benji\WorkSpace\Cpp\physics_simulation\src\external_libs\glm\geometric.hpp", "C++", 0, 30, 0, 0, 0, 0, 0, 0, 0, 0, 0, 0, 73, 14, 117
"c:\Users\benji\WorkSpace\Cpp\physics_simulation\src\external_libs\glm\glm.cppm", "C++", 0, 2652, 0, 0, 0, 0, 0, 0, 0, 0, 0, 0, 7, 17, 2676
"c:\Users\benji\WorkSpace\Cpp\physics_simulation\src\external_libs\glm\glm.hpp", "C++", 0, 29, 0, 0, 0, 0, 0, 0, 0, 0, 0, 0, 102, 7, 138
"c:\Users\benji\WorkSpace\Cpp\physics_simulation\src\external_libs\glm\gtc\bitfield.hpp", "C++", 0, 57, 0, 0, 0, 0, 0, 0, 0, 0, 0, 0, 170, 40, 267
"c:\Users\benji\WorkSpace\Cpp\physics_simulation\src\external_libs\glm\gtc\bitfield.inl", "C++", 0, 493, 0, 0, 0, 0, 0, 0, 0, 0, 0, 0, 1, 142, 636
"c:\Users\benji\WorkSpace\Cpp\physics_simulation\src\external_libs\glm\gtc\color_space.hpp", "C++", 0, 22, 0, 0, 0, 0, 0, 0, 0, 0, 0, 0, 24, 11, 57
"c:\Users\benji\WorkSpace\Cpp\physics_simulation\src\external_libs\glm\gtc\color_space.inl", "C++", 0, 72, 0, 0, 0, 0, 0, 0, 0, 0, 0, 0, 2, 11, 85
"c:\Users\benji\WorkSpace\Cpp\physics_simulation\src\external_libs\glm\gtc\constants.hpp", "C++", 0, 65, 0, 0, 0, 0, 0, 0, 0, 0, 0, 0, 71, 35, 171
"c:\Users\benji\WorkSpace\Cpp\physics_simulation\src\external_libs\glm\gtc\constants.inl", "C++", 0, 143, 0, 0, 0, 0, 0, 0, 0, 0, 0, 0, 1, 30, 174
"c:\Users\benji\WorkSpace\Cpp\physics_simulation\src\external_libs\glm\gtc\epsilon.hpp", "C++", 0, 18, 0, 0, 0, 0, 0, 0, 0, 0, 0, 0, 32, 11, 61
"c:\Users\benji\WorkSpace\Cpp\physics_simulation\src\external_libs\glm\gtc\epsilon.inl", "C++", 0, 67, 0, 0, 0, 0, 0, 0, 0, 0, 0, 0, 2, 12, 81
"c:\Users\benji\WorkSpace\Cpp\physics_simulation\src\external_libs\glm\gtc\integer.hpp", "C++", 0, 18, 0, 0, 0, 0, 0, 0, 0, 0, 0, 0, 18, 8, 44
"c:\Users\benji\WorkSpace\Cpp\physics_simulation\src\external_libs\glm\gtc\integer.inl", "C++", 0, 28, 0, 0, 0, 0, 0, 0, 0, 0, 0, 0, 3, 3, 34
"c:\Users\benji\WorkSpace\Cpp\physics_simulation\src\external_libs\glm\gtc\matrix_access.hpp", "C++", 0, 27, 0, 0, 0, 0, 0, 0, 0, 0, 0, 0, 23, 11, 61
"c:\Users\benji\WorkSpace\Cpp\physics_simulation\src\external_libs\glm\gtc\matrix_access.inl", "C++", 0, 53, 0, 0, 0, 0, 0, 0, 0, 0, 0, 0, 1, 9, 63
"c:\Users\benji\WorkSpace\Cpp\physics_simulation\src\external_libs\glm\gtc\matrix_integer.hpp", "C++", 0, 112, 0, 0, 0, 0, 0, 0, 0, 0, 0, 0, 207, 115, 434
"c:\Users\benji\WorkSpace\Cpp\physics_simulation\src\external_libs\glm\gtc\matrix_inverse.hpp", "C++", 0, 17, 0, 0, 0, 0, 0, 0, 0, 0, 0, 0, 25, 9, 51
"c:\Users\benji\WorkSpace\Cpp\physics_simulation\src\external_libs\glm\gtc\matrix_inverse.inl", "C++", 0, 99, 0, 0, 0, 0, 0, 0, 0, 0, 0, 0, 1, 19, 119
"c:\Users\benji\WorkSpace\Cpp\physics_simulation\src\external_libs\glm\gtc\matrix_transform.hpp", "C++", 0, 12, 0, 0, 0, 0, 0, 0, 0, 0, 0, 0, 20, 5, 37
"c:\Users\benji\WorkSpace\Cpp\physics_simulation\src\external_libs\glm\gtc\matrix_transform.inl", "C++", 0, 3, 0, 0, 0, 0, 0, 0, 0, 0, 0, 0, 0, 1, 4
"c:\Users\benji\WorkSpace\Cpp\physics_simulation\src\external_libs\glm\gtc\noise.hpp", "C++", 0, 27, 0, 0, 0, 0, 0, 0, 0, 0, 0, 0, 25, 10, 62
"c:\Users\benji\WorkSpace\Cpp\physics_simulation\src\external_libs\glm\gtc\noise.inl", "C++", 0, 582, 0, 0, 0, 0, 0, 0, 0, 0, 0, 0, 133, 93, 808
"c:\Users\benji\WorkSpace\Cpp\physics_simulation\src\external_libs\glm\gtc\packing.hpp", "C++", 0, 88, 0, 0, 0, 0, 0, 0, 0, 0, 0, 0, 561, 80, 729
"c:\Users\benji\WorkSpace\Cpp\physics_simulation\src\external_libs\glm\gtc\packing.inl", "C++", 0, 763, 0, 0, 0, 0, 0, 0, 0, 0, 0, 0, 61, 128, 952
"c:\Users\benji\WorkSpace\Cpp\physics_simulation\src\external_libs\glm\gtc\quaternion.hpp", "C++", 0, 60, 0, 0, 0, 0, 0, 0, 0, 0, 0, 0, 93, 21, 174
"c:\Users\benji\WorkSpace\Cpp\physics_simulation\src\external_libs\glm\gtc\quaternion.inl", "C++", 0, 175, 0, 0, 0, 0, 0, 0, 0, 0, 0, 0, 1, 33, 209
"c:\Users\benji\WorkSpace\Cpp\physics_simulation\src\external_libs\glm\gtc\quaternion_simd.inl", "C++", 0, 0, 0, 0, 0, 0, 0, 0, 0, 0, 0, 0, 0, 1, 1
"c:\Users\benji\WorkSpace\Cpp\physics_simulation\src\external_libs\glm\gtc\random.hpp", "C++", 0, 25, 0, 0, 0, 0, 0, 0, 0, 0, 0, 0, 44, 14, 83
"c:\Users\benji\WorkSpace\Cpp\physics_simulation\src\external_libs\glm\gtc\random.inl", "C++", 0, 262, 0, 0, 0, 0, 0, 0, 0, 0, 0, 0, 0, 42, 304
"c:\Users\benji\WorkSpace\Cpp\physics_simulation\src\external_libs\glm\gtc\reciprocal.hpp", "C++", 0, 7, 0, 0, 0, 0, 0, 0, 0, 0, 0, 0, 12, 6, 25
"c:\Users\benji\WorkSpace\Cpp\physics_simulation\src\external_libs\glm\gtc\round.hpp", "C++", 0, 38, 0, 0, 0, 0, 0, 0, 0, 0, 0, 0, 104, 19, 161
"c:\Users\benji\WorkSpace\Cpp\physics_simulation\src\external_libs\glm\gtc\round.inl", "C++", 0, 118, 0, 0, 0, 0, 0, 0, 0, 0, 0, 0, 13, 25, 156
"c:\Users\benji\WorkSpace\Cpp\physics_simulation\src\external_libs\glm\gtc\type_aligned.hpp", "C++", 0, 547, 0, 0, 0, 0, 0, 0, 0, 0, 0, 0, 384, 385, 1316
"c:\Users\benji\WorkSpace\Cpp\physics_simulation\src\external_libs\glm\gtc\type_precision.hpp", "C++", 0, 514, 0, 0, 0, 0, 0, 0, 0, 0, 0, 0, 1018, 563, 2095
"c:\Users\benji\WorkSpace\Cpp\physics_simulation\src\external_libs\glm\gtc\type_precision.inl", "C++", 0, 3, 0, 0, 0, 0, 0, 0, 0, 0, 0, 0, 1, 3, 7
"c:\Users\benji\WorkSpace\Cpp\physics_simulation\src\external_libs\glm\gtc\type_ptr.hpp", "C++", 0, 89, 0, 0, 0, 0, 0, 0, 0, 0, 0, 0, 102, 40, 231
"c:\Users\benji\WorkSpace\Cpp\physics_simulation\src\external_libs\glm\gtc\type_ptr.inl", "C++", 0, 320, 0, 0, 0, 0, 0, 0, 0, 0, 0, 0, 4, 63, 387
"c:\Users\benji\WorkSpace\Cpp\physics_simulation\src\external_libs\glm\gtc\ulp.hpp", "C++", 0, 38, 0, 0, 0, 0, 0, 0, 0, 0, 0, 0, 97, 21, 156
"c:\Users\benji\WorkSpace\Cpp\physics_simulation\src\external_libs\glm\gtc\ulp.inl", "C++", 0, 150, 0, 0, 0, 0, 0, 0, 0, 0, 0, 0, 1, 23, 174
"c:\Users\benji\WorkSpace\Cpp\physics_simulation\src\external_libs\glm\gtc\vec1.hpp", "C++", 0, 14, 0, 0, 0, 0, 0, 0, 0, 0, 0, 0, 12, 5, 31
"c:\Users\benji\WorkSpace\Cpp\physics_simulation\src\external_libs\glm\gtx\associated_min_max.hpp", "C++", 0, 117, 0, 0, 0, 0, 0, 0, 0, 0, 0, 0, 60, 29, 206
"c:\Users\benji\WorkSpace\Cpp\physics_simulation\src\external_libs\glm\gtx\associated_min_max.inl", "C++", 0, 310, 0, 0, 0, 0, 0, 0, 0, 0, 0, 0, 19, 26, 355
"c:\Users\benji\WorkSpace\Cpp\physics_simulation\src\external_libs\glm\gtx\bit.hpp", "C++", 0, 29, 0, 0, 0, 0, 0, 0, 0, 0, 0, 0, 50, 18, 97
"c:\Users\benji\WorkSpace\Cpp\physics_simulation\src\external_libs\glm\gtx\bit.inl", "C++", 0, 64, 0, 0, 0, 0, 0, 0, 0, 0, 0, 0, 11, 18, 93
"c:\Users\benji\WorkSpace\Cpp\physics_simulation\src\external_libs\glm\gtx\closest_point.hpp", "C++", 0, 21, 0, 0, 0, 0, 0, 0, 0, 0, 0, 0, 18, 9, 48
"c:\Users\benji\WorkSpace\Cpp\physics_simulation\src\external_libs\glm\gtx\closest_point.inl", "C++", 0, 35, 0, 0, 0, 0, 0, 0, 0, 0, 0, 0, 3, 8, 46
"c:\Users\benji\WorkSpace\Cpp\physics_simulation\src\external_libs\glm\gtx\color_encoding.hpp", "C++", 0, 22, 0, 0, 0, 0, 0, 0, 0, 0, 0, 0, 20, 11, 53
"c:\Users\benji\WorkSpace\Cpp\physics_simulation\src\external_libs\glm\gtx\color_encoding.inl", "C++", 0, 35, 0, 0, 0, 0, 0, 0, 0, 0, 0, 0, 1, 10, 46
"c:\Users\benji\WorkSpace\Cpp\physics_simulation\src\external_libs\glm\gtx\color_space.hpp", "C++", 0, 31, 0, 0, 0, 0, 0, 0, 0, 0, 0, 0, 27, 13, 71
"c:\Users\benji\WorkSpace\Cpp\physics_simulation\src\external_libs\glm\gtx\color_space.inl", "C++", 0, 119, 0, 0, 0, 0, 0, 0, 0, 0, 0, 0, 7, 19, 145
"c:\Users\benji\WorkSpace\Cpp\physics_simulation\src\external_libs\glm\gtx\color_space_YCoCg.hpp", "C++", 0, 23, 0, 0, 0, 0, 0, 0, 0, 0, 0, 0, 25, 11, 59
"c:\Users\benji\WorkSpace\Cpp\physics_simulation\src\external_libs\glm\gtx\color_space_YCoCg.inl", "C++", 0, 98, 0, 0, 0, 0, 0, 0, 0, 0, 0, 0, 1, 9, 108
"c:\Users\benji\WorkSpace\Cpp\physics_simulation\src\external_libs\glm\gtx\common.hpp", "C++", 0, 22, 0, 0, 0, 0, 0, 0, 0, 0, 0, 0, 42, 11, 75
"c:\Users\benji\WorkSpace\Cpp\physics_simulation\src\external_libs\glm\gtx\common.inl", "C++", 0, 105, 0, 0, 0, 0, 0, 0, 0, 0, 0, 0, 2, 19, 126
"c:\Users\benji\WorkSpace\Cpp\physics_simulation\src\external_libs\glm\gtx\compatibility.hpp", "C++", 0, 96, 0, 0, 0, 0, 0, 0, 0, 0, 0, 0, 15, 21, 132
"c:\Users\benji\WorkSpace\Cpp\physics_simulation\src\external_libs\glm\gtx\compatibility.inl", "C++", 0, 55, 0, 0, 0, 0, 0, 0, 0, 0, 0, 0, 1, 7, 63
"c:\Users\benji\WorkSpace\Cpp\physics_simulation\src\external_libs\glm\gtx\component_wise.hpp", "C++", 0, 28, 0, 0, 0, 0, 0, 0, 0, 0, 0, 0, 35, 15, 78
"c:\Users\benji\WorkSpace\Cpp\physics_simulation\src\external_libs\glm\gtx\component_wise.inl", "C++", 0, 127, 0, 0, 0, 0, 0, 0, 0, 0, 0, 0, 1, 20, 148
"c:\Users\benji\WorkSpace\Cpp\physics_simulation\src\external_libs\glm\gtx\dual_quaternion.hpp", "C++", 0, 119, 0, 0, 0, 0, 0, 0, 0, 0, 0, 0, 89, 65, 273
"c:\Users\benji\WorkSpace\Cpp\physics_simulation\src\external_libs\glm\gtx\dual_quaternion.inl", "C++", 0, 286, 0, 0, 0, 0, 0, 0, 0, 0, 0, 0, 12, 55, 353
"c:\Users\benji\WorkSpace\Cpp\physics_simulation\src\external_libs\glm\gtx\easing.hpp", "C++", 0, 80, 0, 0, 0, 0, 0, 0, 0, 0, 0, 0, 97, 41, 218
"c:\Users\benji\WorkSpace\Cpp\physics_simulation\src\external_libs\glm\gtx\easing.inl", "C++", 0, 334, 0, 0, 0, 0, 0, 0, 0, 0, 0, 0, 32, 71, 437
"c:\Users\benji\WorkSpace\Cpp\physics_simulation\src\external_libs\glm\gtx\euler_angles.hpp", "C++", 0, 186, 0, 0, 0, 0, 0, 0, 0, 0, 0, 0, 100, 48, 334
"c:\Users\benji\WorkSpace\Cpp\physics_simulation\src\external_libs\glm\gtx\euler_angles.inl", "C++", 0, 833, 0, 0, 0, 0, 0, 0, 0, 0, 0, 0, 1, 66, 900
"c:\Users\benji\WorkSpace\Cpp\physics_simulation\src\external_libs\glm\gtx\extend.hpp", "C++", 0, 16, 0, 0, 0, 0, 0, 0, 0, 0, 0, 0, 17, 8, 41
"c:\Users\benji\WorkSpace\Cpp\physics_simulation\src\external_libs\glm\gtx\extend.inl", "C++", 0, 43, 0, 0, 0, 0, 0, 0, 0, 0, 0, 0, 1, 5, 49
"c:\Users\benji\WorkSpace\Cpp\physics_simulation\src\external_libs\glm\gtx\extended_min_max.hpp", "C++", 0, 78, 0, 0, 0, 0, 0, 0, 0, 0, 0, 0, 39, 19, 136
"c:\Users\benji\WorkSpace\Cpp\physics_simulation\src\external_libs\glm\gtx\extended_min_max.inl", "C++", 0, 125, 0, 0, 0, 0, 0, 0, 0, 0, 0, 0, 1, 13, 139
"c:\Users\benji\WorkSpace\Cpp\physics_simulation\src\external_libs\glm\gtx\exterior_product.hpp", "C++", 0, 14, 0, 0, 0, 0, 0, 0, 0, 0, 0, 0, 22, 8, 44
"c:\Users\benji\WorkSpace\Cpp\physics_simulation\src\external_libs\glm\gtx\exterior_product.inl", "C++", 0, 20, 0, 0, 0, 0, 0, 0, 0, 0, 0, 0, 1, 6, 27
"c:\Users\benji\WorkSpace\Cpp\physics_simulation\src\external_libs\glm\gtx\fast_exponential.hpp", "C++", 0, 35, 0, 0, 0, 0, 0, 0, 0, 0, 0, 0, 40, 19, 94
"c:\Users\benji\WorkSpace\Cpp\physics_simulation\src\external_libs\glm\gtx\fast_exponential.inl", "C++", 0, 73, 0, 0, 0, 0, 0, 0, 0, 0, 0, 0, 50, 14, 137
"c:\Users\benji\WorkSpace\Cpp\physics_simulation\src\external_libs\glm\gtx\fast_square_root.hpp", "C++", 0, 33, 0, 0, 0, 0, 0, 0, 0, 0, 0, 0, 47, 17, 97
"c:\Users\benji\WorkSpace\Cpp\physics_simulation\src\external_libs\glm\gtx\fast_square_root.inl", "C++", 0, 56, 0, 0, 0, 0, 0, 0, 0, 0, 0, 0, 6, 14, 76
"c:\Users\benji\WorkSpace\Cpp\physics_simulation\src\external_libs\glm\gtx\fast_trigonometry.hpp", "C++", 0, 27, 0, 0, 0, 0, 0, 0, 0, 0, 0, 0, 36, 15, 78
"c:\Users\benji\WorkSpace\Cpp\physics_simulation\src\external_libs\glm\gtx\fast_trigonometry.inl", "C++", 0, 113, 0, 0, 0, 0, 0, 0, 0, 0, 0, 0, 8, 22, 143
"c:\Users\benji\WorkSpace\Cpp\physics_simulation\src\external_libs\glm\gtx\float_notmalize.inl", "C++", 0, 9, 0, 0, 0, 0, 0, 0, 0, 0, 0, 0, 1, 4, 14
"c:\Users\benji\WorkSpace\Cpp\physics_simulation\src\external_libs\glm\gtx\functions.hpp", "C++", 0, 23, 0, 0, 0, 0, 0, 0, 0, 0, 0, 0, 22, 10, 55
"c:\Users\benji\WorkSpace\Cpp\physics_simulation\src\external_libs\glm\gtx\functions.inl", "C++", 0, 25, 0, 0, 0, 0, 0, 0, 0, 0, 0, 0, 1, 5, 31
"c:\Users\benji\WorkSpace\Cpp\physics_simulation\src\external_libs\glm\gtx\gradient_paint.hpp", "C++", 0, 23, 0, 0, 0, 0, 0, 0, 0, 0, 0, 0, 20, 9, 52
"c:\Users\benji\WorkSpace\Cpp\physics_simulation\src\external_libs\glm\gtx\gradient_paint.inl", "C++", 0, 32, 0, 0, 0, 0, 0, 0, 0, 0, 0, 0, 1, 4, 37
"c:\Users\benji\WorkSpace\Cpp\physics_simulation\src\external_libs\glm\gtx\handed_coordinate_space.hpp", "C++", 0, 21, 0, 0, 0, 0, 0, 0, 0, 0, 0, 0, 19, 9, 49
"c:\Users\benji\WorkSpace\Cpp\physics_simulation\src\external_libs\glm\gtx\handed_coordinate_space.inl", "C++", 0, 23, 0, 0, 0, 0, 0, 0, 0, 0, 0, 0, 1, 3, 27
"c:\Users\benji\WorkSpace\Cpp\physics_simulation\src\external_libs\glm\gtx\hash.hpp", "C++", 0, 109, 0, 0, 0, 0, 0, 0, 0, 0, 0, 0, 11, 27, 147
"c:\Users\benji\WorkSpace\Cpp\physics_simulation\src\external_libs\glm\gtx\hash.inl", "C++", 0, 158, 0, 0, 0, 0, 0, 0, 0, 0, 0, 0, 1, 17, 176
"c:\Users\benji\WorkSpace\Cpp\physics_simulation\src\external_libs\glm\gtx\integer.hpp", "C++", 0, 23, 0, 0, 0, 0, 0, 0, 0, 0, 0, 0, 35, 17, 75
"c:\Users\benji\WorkSpace\Cpp\physics_simulation\src\external_libs\glm\gtx\integer.inl", "C++", 0, 105, 0, 0, 0, 0, 0, 0, 0, 0, 0, 0, 59, 22, 186
"c:\Users\benji\WorkSpace\Cpp\physics_simulation\src\external_libs\glm\gtx\intersect.hpp", "C++", 0, 47, 0, 0, 0, 0, 0, 0, 0, 0, 0, 0, 31, 13, 91
"c:\Users\benji\WorkSpace\Cpp\physics_simulation\src\external_libs\glm\gtx\intersect.inl", "C++", 0, 156, 0, 0, 0, 0, 0, 0, 0, 0, 0, 0, 13, 32, 201
"c:\Users\benji\WorkSpace\Cpp\physics_simulation\src\external_libs\glm\gtx\io.hpp", "C++", 0, 145, 0, 0, 0, 0, 0, 0, 0, 0, 0, 0, 23, 43, 211
"c:\Users\benji\WorkSpace\Cpp\physics_simulation\src\external_libs\glm\gtx\io.inl", "C++", 0, 376, 0, 0, 0, 0, 0, 0, 0, 0, 0, 0, 2, 75, 453
"c:\Users\benji\WorkSpace\Cpp\physics_simulation\src\external_libs\glm\gtx\log_base.hpp", "C++", 0, 19, 0, 0, 0, 0, 0, 0, 0, 0, 0, 0, 19, 9, 47
"c:\Users\benji\WorkSpace\Cpp\physics_simulation\src\external_libs\glm\gtx\log_base.inl", "C++", 0, 13, 0, 0, 0, 0, 0, 0, 0, 0, 0, 0, 1, 3, 17
"c:\Users\benji\WorkSpace\Cpp\physics_simulation\src\external_libs\glm\gtx\matrix_cross_product.hpp", "C++", 0, 17, 0, 0, 0, 0, 0, 0, 0, 0, 0, 0, 20, 9, 46
"c:\Users\benji\WorkSpace\Cpp\physics_simulation\src\external_libs\glm\gtx\matrix_cross_product.inl", "C++", 0, 33, 0, 0, 0, 0, 0, 0, 0, 0, 0, 0, 1, 4, 38
"c:\Users\benji\WorkSpace\Cpp\physics_simulation\src\external_libs\glm\gtx\matrix_decompose.hpp", "C++", 0, 24, 0, 0, 0, 0, 0, 0, 0, 0, 0, 0, 18, 9, 51
"c:\Users\benji\WorkSpace\Cpp\physics_simulation\src\external_libs\glm\gtx\matrix_decompose.inl", "C++", 0, 149, 0, 0, 0, 0, 0, 0, 0, 0, 0, 0, 45, 41, 235
"c:\Users\benji\WorkSpace\Cpp\physics_simulation\src\external_libs\glm\gtx\matrix_factorisation.hpp", "C++", 0, 19, 0, 0, 0, 0, 0, 0, 0, 0, 0, 0, 37, 12, 68
"c:\Users\benji\WorkSpace\Cpp\physics_simulation\src\external_libs\glm\gtx\matrix_factorisation.inl", "C++", 0, 53, 0, 0, 0, 0, 0, 0, 0, 0, 0, 0, 17, 15, 85
"c:\Users\benji\WorkSpace\Cpp\physics_simulation\src\external_libs\glm\gtx\matrix_interpolation.hpp", "C++", 0, 23, 0, 0, 0, 0, 0, 0, 0, 0, 0, 0, 25, 11, 59
"c:\Users\benji\WorkSpace\Cpp\physics_simulation\src\external_libs\glm\gtx\matrix_interpolation.inl", "C++", 0, 134, 0, 0, 0, 0, 0, 0, 0, 0, 0, 0, 1, 12, 147
"c:\Users\benji\WorkSpace\Cpp\physics_simulation\src\external_libs\glm\gtx\matrix_major_storage.hpp", "C++", 0, 59, 0, 0, 0, 0, 0, 0, 0, 0, 0, 0, 40, 19, 118
"c:\Users\benji\WorkSpace\Cpp\physics_simulation\src\external_libs\glm\gtx\matrix_major_storage.inl", "C++", 0, 153, 0, 0, 0, 0, 0, 0, 0, 0, 0, 0, 1, 13, 167
"c:\Users\benji\WorkSpace\Cpp\physics_simulation\src\external_libs\glm\gtx\matrix_operation.hpp", "C++", 0, 44, 0, 0, 0, 0, 0, 0, 0, 0, 0, 0, 39, 19, 102
"c:\Users\benji\WorkSpace\Cpp\physics_simulation\src\external_libs\glm\gtx\matrix_operation.inl", "C++", 0, 156, 0, 0, 0, 0, 0, 0, 0, 0, 0, 0, 1, 20, 177
"c:\Users\benji\WorkSpace\Cpp\physics_simulation\src\external_libs\glm\gtx\matrix_query.hpp", "C++", 0, 29, 0, 0, 0, 0, 0, 0, 0, 0, 0, 0, 32, 15, 76
"c:\Users\benji\WorkSpace\Cpp\physics_simulation\src\external_libs\glm\gtx\matrix_query.inl", "C++", 0, 109, 0, 0, 0, 0, 0, 0, 0, 0, 0, 0, 1, 10, 120
"c:\Users\benji\WorkSpace\Cpp\physics_simulation\src\external_libs\glm\gtx\matrix_transform_2d.hpp", "C++", 0, 32, 0, 0, 0, 0, 0, 0, 0, 0, 0, 0, 36, 12, 80
"c:\Users\benji\WorkSpace\Cpp\physics_simulation\src\external_libs\glm\gtx\matrix_transform_2d.inl", "C++", 0, 56, 0, 0, 0, 0, 0, 0, 0, 0, 0, 0, 2, 11, 69
"c:\Users\benji\WorkSpace\Cpp\physics_simulation\src\external_libs\glm\gtx\mixed_product.hpp", "C++", 0, 16, 0, 0, 0, 0, 0, 0, 0, 0, 0, 0, 16, 8, 40
"c:\Users\benji\WorkSpace\Cpp\physics_simulation\src\external_libs\glm\gtx\mixed_product.inl", "C++", 0, 13, 0, 0, 0, 0, 0, 0, 0, 0, 0, 0, 1, 2, 16
"c:\Users\benji\WorkSpace\Cpp\physics_simulation\src\external_libs\glm\gtx\norm.hpp", "C++", 0, 33, 0, 0, 0, 0, 0, 0, 0, 0, 0, 0, 37, 17, 87
"c:\Users\benji\WorkSpace\Cpp\physics_simulation\src\external_libs\glm\gtx\norm.inl", "C++", 0, 79, 0, 0, 0, 0, 0, 0, 0, 0, 0, 0, 1, 16, 96
"c:\Users\benji\WorkSpace\Cpp\physics_simulation\src\external_libs\glm\gtx\normal.hpp", "C++", 0, 13, 0, 0, 0, 0, 0, 0, 0, 0, 0, 0, 19, 8, 40
"c:\Users\benji\WorkSpace\Cpp\physics_simulation\src\external_libs\glm\gtx\normal.inl", "C++", 0, 13, 0, 0, 0, 0, 0, 0, 0, 0, 0, 0, 1, 2, 16
"c:\Users\benji\WorkSpace\Cpp\physics_simulation\src\external_libs\glm\gtx\normalize_dot.hpp", "C++", 0, 15, 0, 0, 0, 0, 0, 0, 0, 0, 0, 0, 24, 9, 48
"c:\Users\benji\WorkSpace\Cpp\physics_simulation\src\external_libs\glm\gtx\normalize_dot.inl", "C++", 0, 13, 0, 0, 0, 0, 0, 0, 0, 0, 0, 0, 1, 3, 17
"c:\Users\benji\WorkSpace\Cpp\physics_simulation\src\external_libs\glm\gtx\number_precision.hpp", "C++", 0, 14, 0, 0, 0, 0, 0, 0, 0, 0, 0, 0, 21, 10, 45
"c:\Users\benji\WorkSpace\Cpp\physics_simulation\src\external_libs\glm\gtx\optimum_pow.hpp", "C++", 0, 17, 0, 0, 0, 0, 0, 0, 0, 0, 0, 0, 24, 10, 51
"c:\Users\benji\WorkSpace\Cpp\physics_simulation\src\external_libs\glm\gtx\optimum_pow.inl", "C++", 0, 18, 0, 0, 0, 0, 0, 0, 0, 0, 0, 0, 1, 4, 23
"c:\Users\benji\WorkSpace\Cpp\physics_simulation\src\external_libs\glm\gtx\orthonormalize.hpp", "C++", 0, 17, 0, 0, 0, 0, 0, 0, 0, 0, 0, 0, 22, 9, 48
"c:\Users\benji\WorkSpace\Cpp\physics_simulation\src\external_libs\glm\gtx\orthonormalize.inl", "C++", 0, 22, 0, 0, 0, 0, 0, 0, 0, 0, 0, 0, 1, 7, 30
"c:\Users\benji\WorkSpace\Cpp\physics_simulation\src\external_libs\glm\gtx\pca.hpp", "C++", 0, 32, 0, 0, 0, 0, 0, 0, 0, 0, 0, 0, 66, 15, 113
"c:\Users\benji\WorkSpace\Cpp\physics_simulation\src\external_libs\glm\gtx\pca.inl", "C++", 0, 307, 0, 0, 0, 0, 0, 0, 0, 0, 0, 0, 4, 33, 344
"c:\Users\benji\WorkSpace\Cpp\physics_simulation\src\external_libs\glm\gtx\perpendicular.hpp", "C++", 0, 14, 0, 0, 0, 0, 0, 0, 0, 0, 0, 0, 18, 8, 40
"c:\Users\benji\WorkSpace\Cpp\physics_simulation\src\external_libs\glm\gtx\perpendicular.inl", "C++", 0, 8, 0, 0, 0, 0, 0, 0, 0, 0, 0, 0, 1, 2, 11
"c:\Users\benji\WorkSpace\Cpp\physics_simulation\src\external_libs\glm\gtx\polar_coordinates.hpp", "C++", 0, 17, 0, 0, 0, 0, 0, 0, 0, 0, 0, 0, 21, 9, 47
"c:\Users\benji\WorkSpace\Cpp\physics_simulation\src\external_libs\glm\gtx\polar_coordinates.inl", "C++", 0, 30, 0, 0, 0, 0, 0, 0, 0, 0, 0, 0, 1, 6, 37
"c:\Users\benji\WorkSpace\Cpp\physics_simulation\src\external_libs\glm\gtx\projection.hpp", "C++", 0, 13, 0, 0, 0, 0, 0, 0, 0, 0, 0, 0, 21, 8, 42
"c:\Users\benji\WorkSpace\Cpp\physics_simulation\src\external_libs\glm\gtx\projection.inl", "C++", 0, 8, 0, 0, 0, 0, 0, 0, 0, 0, 0, 0, 1, 2, 11
"c:\Users\benji\WorkSpace\Cpp\physics_simulation\src\external_libs\glm\gtx\quaternion.hpp", "C++", 0, 76, 0, 0, 0, 0, 0, 0, 0, 0, 0, 0, 73, 24, 173
"c:\Users\benji\WorkSpace\Cpp\physics_simulation\src\external_libs\glm\gtx\quaternion.inl", "C++", 0, 128, 0, 0, 0, 0, 0, 0, 0, 0, 0, 0, 9, 23, 160
"c:\Users\benji\WorkSpace\Cpp\physics_simulation\src\external_libs\glm\gtx\range.hpp", "C++", 0, 64, 0, 0, 0, 0, 0, 0, 0, 0, 0, 0, 15, 18, 97
"c:\Users\benji\WorkSpace\Cpp\physics_simulation\src\external_libs\glm\gtx\raw_data.hpp", "C++", 0, 16, 0, 0, 0, 0, 0, 0, 0, 0, 0, 0, 23, 11, 50
"c:\Users\benji\WorkSpace\Cpp\physics_simulation\src\external_libs\glm\gtx\raw_data.inl", "C++", 0, 0, 0, 0, 0, 0, 0, 0, 0, 0, 0, 0, 1, 2, 3
"c:\Users\benji\WorkSpace\Cpp\physics_simulation\src\external_libs\glm\gtx\rotate_normalized_axis.hpp", "C++", 0, 23, 0, 0, 0, 0, 0, 0, 0, 0, 0, 0, 35, 9, 67
"c:\Users\benji\WorkSpace\Cpp\physics_simulation\src\external_libs\glm\gtx\rotate_normalized_axis.inl", "C++", 0, 46, 0, 0, 0, 0, 0, 0, 0, 0, 0, 0, 2, 11, 59
"c:\Users\benji\WorkSpace\Cpp\physics_simulation\src\external_libs\glm\gtx\rotate_vector.hpp", "C++", 0, 61, 0, 0, 0, 0, 0, 0, 0, 0, 0, 0, 43, 18, 122
"c:\Users\benji\WorkSpace\Cpp\physics_simulation\src\external_libs\glm\gtx\rotate_vector.inl", "C++", 0, 149, 0, 0, 0, 0, 0, 0, 0, 0, 0, 0, 18, 21, 188
"c:\Users\benji\WorkSpace\Cpp\physics_simulation\src\external_libs\glm\gtx\scalar_multiplication.hpp", "C++", 0, 51, 0, 0, 0, 0, 0, 0, 0, 0, 0, 0, 19, 11, 81
"c:\Users\benji\WorkSpace\Cpp\physics_simulation\src\external_libs\glm\gtx\scalar_relational.hpp", "C++", 0, 11, 0, 0, 0, 0, 0, 0, 0, 0, 0, 0, 15, 9, 35
"c:\Users\benji\WorkSpace\Cpp\physics_simulation\src\external_libs\glm\gtx\scalar_relational.inl", "C++", 0, 78, 0, 0, 0, 0, 0, 0, 0, 0, 0, 0, 1, 10, 89
"c:\Users\benji\WorkSpace\Cpp\physics_simulation\src\external_libs\glm\gtx\spline.hpp", "C++", 0, 33, 0, 0, 0, 0, 0, 0, 0, 0, 0, 0, 21, 10, 64
"c:\Users\benji\WorkSpace\Cpp\physics_simulation\src\external_libs\glm\gtx\spline.inl", "C++", 0, 51, 0, 0, 0, 0, 0, 0, 0, 0, 0, 0, 1, 9, 61
"c:\Users\benji\WorkSpace\Cpp\physics_simulation\src\external_libs\glm\gtx\std_based_type.hpp", "C++", 0, 20, 0, 0, 0, 0, 0, 0, 0, 0, 0, 0, 32, 15, 67
"c:\Users\benji\WorkSpace\Cpp\physics_simulation\src\external_libs\glm\gtx\std_based_type.inl", "C++", 0, 3, 0, 0, 0, 0, 0, 0, 0, 0, 0, 0, 1, 3, 7
"c:\Users\benji\WorkSpace\Cpp\physics_simulation\src\external_libs\glm\gtx\string_cast.hpp", "C++", 0, 19, 0, 0, 0, 0, 0, 0, 0, 0, 0, 0, 19, 8, 46
"c:\Users\benji\WorkSpace\Cpp\physics_simulation\src\external_libs\glm\gtx\string_cast.inl", "C++", 0, 429, 0, 0, 0, 0, 0, 0, 0, 0, 0, 0, 1, 68, 498
"c:\Users\benji\WorkSpace\Cpp\physics_simulation\src\external_libs\glm\gtx\texture.hpp", "C++", 0, 15, 0, 0, 0, 0, 0, 0, 0, 0, 0, 0, 21, 9, 45
"c:\Users\benji\WorkSpace\Cpp\physics_simulation\src\external_libs\glm\gtx\texture.inl", "C++", 0, 13, 0, 0, 0, 0, 0, 0, 0, 0, 0, 0, 1, 4, 18
"c:\Users\benji\WorkSpace\Cpp\physics_simulation\src\external_libs\glm\gtx\transform.hpp", "C++", 0, 22, 0, 0, 0, 0, 0, 0, 0, 0, 0, 0, 27, 10, 59
"c:\Users\benji\WorkSpace\Cpp\physics_simulation\src\external_libs\glm\gtx\transform.inl", "C++", 0, 18, 0, 0, 0, 0, 0, 0, 0, 0, 0, 0, 1, 5, 24
"c:\Users\benji\WorkSpace\Cpp\physics_simulation\src\external_libs\glm\gtx\transform2.hpp", "C++", 0, 30, 0, 0, 0, 0, 0, 0, 0, 0, 0, 0, 40, 18, 88
"c:\Users\benji\WorkSpace\Cpp\physics_simulation\src\external_libs\glm\gtx\transform2.inl", "C++", 0, 110, 0, 0, 0, 0, 0, 0, 0, 0, 0, 0, 1, 15, 126
"c:\Users\benji\WorkSpace\Cpp\physics_simulation\src\external_libs\glm\gtx\type_aligned.hpp", "C++", 0, 229, 0, 0, 0, 0, 0, 0, 0, 0, 0, 0, 468, 284, 981
"c:\Users\benji\WorkSpace\Cpp\physics_simulation\src\external_libs\glm\gtx\type_aligned.inl", "C++", 0, 3, 0, 0, 0, 0, 0, 0, 0, 0, 0, 0, 1, 3, 7
"c:\Users\benji\WorkSpace\Cpp\physics_simulation\src\external_libs\glm\gtx\type_trait.hpp", "C++", 0, 57, 0, 0, 0, 0, 0, 0, 0, 0, 0, 0, 15, 12, 84
"c:\Users\benji\WorkSpace\Cpp\physics_simulation\src\external_libs\glm\gtx\type_trait.inl", "C++", 0, 51, 0, 0, 0, 0, 0, 0, 0, 0, 0, 0, 5, 6, 62
"c:\Users\benji\WorkSpace\Cpp\physics_simulation\src\external_libs\glm\gtx\vec_swizzle.hpp", "C++", 0, 1945, 0, 0, 0, 0, 0, 0, 0, 0, 0, 0, 350, 490, 2785
"c:\Users\benji\WorkSpace\Cpp\physics_simulation\src\external_libs\glm\gtx\vector_angle.hpp", "C++", 0, 20, 0, 0, 0, 0, 0, 0, 0, 0, 0, 0, 26, 10, 56
"c:\Users\benji\WorkSpace\Cpp\physics_simulation\src\external_libs\glm\gtx\vector_angle.inl", "C++", 0, 37, 0, 0, 0, 0, 0, 0, 0, 0, 0, 0, 1, 8, 46
"c:\Users\benji\WorkSpace\Cpp\physics_simulation\src\external_libs\glm\gtx\vector_query.hpp", "C++", 0, 25, 0, 0, 0, 0, 0, 0, 0, 0, 0, 0, 27, 13, 65
"c:\Users\benji\WorkSpace\Cpp\physics_simulation\src\external_libs\glm\gtx\vector_query.inl", "C++", 0, 128, 0, 0, 0, 0, 0, 0, 0, 0, 0, 0, 1, 26, 155
"c:\Users\benji\WorkSpace\Cpp\physics_simulation\src\external_libs\glm\gtx\wrap.hpp", "C++", 0, 14, 0, 0, 0, 0, 0, 0, 0, 0, 0, 0, 15, 7, 36
"c:\Users\benji\WorkSpace\Cpp\physics_simulation\src\external_libs\glm\gtx\wrap.inl", "C++", 0, 3, 0, 0, 0, 0, 0, 0, 0, 0, 0, 0, 1, 3, 7
"c:\Users\benji\WorkSpace\Cpp\physics_simulation\src\external_libs\glm\integer.hpp", "C++", 0, 55, 0, 0, 0, 0, 0, 0, 0, 0, 0, 0, 139, 19, 213
"c:\Users\benji\WorkSpace\Cpp\physics_simulation\src\external_libs\glm\mat2x2.hpp", "C++", 0, 5, 0, 0, 0, 0, 0, 0, 0, 0, 0, 0, 2, 3, 10
"c:\Users\benji\WorkSpace\Cpp\physics_simulation\src\external_libs\glm\mat2x3.hpp", "C++", 0, 5, 0, 0, 0, 0, 0, 0, 0, 0, 0, 0, 2, 3, 10
"c:\Users\benji\WorkSpace\Cpp\physics_simulation\src\external_libs\glm\mat2x4.hpp", "C++", 0, 5, 0, 0, 0, 0, 0, 0, 0, 0, 0, 0, 2, 3, 10
"c:\Users\benji\WorkSpace\Cpp\physics_simulation\src\external_libs\glm\mat3x2.hpp", "C++", 0, 5, 0, 0, 0, 0, 0, 0, 0, 0, 0, 0, 2, 3, 10
"c:\Users\benji\WorkSpace\Cpp\physics_simulation\src\external_libs\glm\mat3x3.hpp", "C++", 0, 5, 0, 0, 0, 0, 0, 0, 0, 0, 0, 0, 2, 2, 9
"c:\Users\benji\WorkSpace\Cpp\physics_simulation\src\external_libs\glm\mat3x4.hpp", "C++", 0, 5, 0, 0, 0, 0, 0, 0, 0, 0, 0, 0, 2, 2, 9
"c:\Users\benji\WorkSpace\Cpp\physics_simulation\src\external_libs\glm\mat4x2.hpp", "C++", 0, 5, 0, 0, 0, 0, 0, 0, 0, 0, 0, 0, 2, 3, 10
"c:\Users\benji\WorkSpace\Cpp\physics_simulation\src\external_libs\glm\mat4x3.hpp", "C++", 0, 5, 0, 0, 0, 0, 0, 0, 0, 0, 0, 0, 2, 2, 9
"c:\Users\benji\WorkSpace\Cpp\physics_simulation\src\external_libs\glm\mat4x4.hpp", "C++", 0, 5, 0, 0, 0, 0, 0, 0, 0, 0, 0, 0, 2, 3, 10
"c:\Users\benji\WorkSpace\Cpp\physics_simulation\src\external_libs\glm\matrix.hpp", "C++", 0, 78, 0, 0, 0, 0, 0, 0, 0, 0, 0, 0, 63, 21, 162
"c:\Users\benji\WorkSpace\Cpp\physics_simulation\src\external_libs\glm\packing.hpp", "C++", 0, 20, 0, 0, 0, 0, 0, 0, 0, 0, 0, 0, 136, 18, 174
"c:\Users\benji\WorkSpace\Cpp\physics_simulation\src\external_libs\glm\simd\common.h", "C++", 0, 197, 0, 0, 0, 0, 0, 0, 0, 0, 0, 0, 11, 33, 241
"c:\Users\benji\WorkSpace\Cpp\physics_simulation\src\external_libs\glm\simd\exponential.h", "C++", 0, 12, 0, 0, 0, 0, 0, 0, 0, 0, 0, 0, 2, 7, 21
"c:\Users\benji\WorkSpace\Cpp\physics_simulation\src\external_libs\glm\simd\geometric.h", "C++", 0, 105, 0, 0, 0, 0, 0, 0, 0, 0, 0, 0, 7, 19, 131
"c:\Users\benji\WorkSpace\Cpp\physics_simulation\src\external_libs\glm\simd\integer.h", "C++", 0, 63, 0, 0, 0, 0, 0, 0, 0, 0, 0, 0, 29, 24, 116
"c:\Users\benji\WorkSpace\Cpp\physics_simulation\src\external_libs\glm\simd\matrix.h", "C++", 0, 546, 0, 0, 0, 0, 0, 0, 0, 0, 0, 0, 310, 173, 1029
"c:\Users\benji\WorkSpace\Cpp\physics_simulation\src\external_libs\glm\simd\neon.h", "C++", 0, 144, 0, 0, 0, 0, 0, 0, 0, 0, 0, 0, 2, 10, 156
"c:\Users\benji\WorkSpace\Cpp\physics_simulation\src\external_libs\glm\simd\packing.h", "C++", 0, 3, 0, 0, 0, 0, 0, 0, 0, 0, 0, 0, 2, 4, 9
"c:\Users\benji\WorkSpace\Cpp\physics_simulation\src\external_libs\glm\simd\platform.h", "C++", 0, 414, 0, 0, 0, 0, 0, 0, 0, 0, 0, 0, 21, 35, 470
"c:\Users\benji\WorkSpace\Cpp\physics_simulation\src\external_libs\glm\simd\trigonometric.h", "C++", 0, 3, 0, 0, 0, 0, 0, 0, 0, 0, 0, 0, 2, 5, 10
"c:\Users\benji\WorkSpace\Cpp\physics_simulation\src\external_libs\glm\simd\vector_relational.h", "C++", 0, 3, 0, 0, 0, 0, 0, 0, 0, 0, 0, 0, 2, 4, 9
"c:\Users\benji\WorkSpace\Cpp\physics_simulation\src\external_libs\glm\trigonometric.hpp", "C++", 0, 37, 0, 0, 0, 0, 0, 0, 0, 0, 0, 0, 153, 21, 211
"c:\Users\benji\WorkSpace\Cpp\physics_simulation\src\external_libs\glm\vec2.hpp", "C++", 0, 11, 0, 0, 0, 0, 0, 0, 0, 0, 0, 0, 2, 2, 15
"c:\Users\benji\WorkSpace\Cpp\physics_simulation\src\external_libs\glm\vec3.hpp", "C++", 0, 11, 0, 0, 0, 0, 0, 0, 0, 0, 0, 0, 2, 2, 15
"c:\Users\benji\WorkSpace\Cpp\physics_simulation\src\external_libs\glm\vec4.hpp", "C++", 0, 11, 0, 0, 0, 0, 0, 0, 0, 0, 0, 0, 2, 3, 16
"c:\Users\benji\WorkSpace\Cpp\physics_simulation\src\external_libs\glm\vector_relational.hpp", "C++", 0, 25, 0, 0, 0, 0, 0, 0, 0, 0, 0, 0, 82, 15, 122
"c:\Users\benji\WorkSpace\Cpp\physics_simulation\src\external_libs\imgui\imconfig.h", "C++", 0, 1, 0, 0, 0, 0, 0, 0, 0, 0, 0, 0, 114, 22, 137
"c:\Users\benji\WorkSpace\Cpp\physics_simulation\src\external_libs\imgui\imgui.cpp", "C++", 0, 11649, 0, 0, 0, 0, 0, 0, 0, 0, 0, 0, 2992, 1623, 16264
"c:\Users\benji\WorkSpace\Cpp\physics_simulation\src\external_libs\imgui\imgui.h", "C++", 0, 2217, 0, 0, 0, 0, 0, 0, 0, 0, 0, 0, 1095, 332, 3644
"c:\Users\benji\WorkSpace\Cpp\physics_simulation\src\external_libs\imgui\imgui_demo.cpp", "C++", 0, 8133, 0, 0, 0, 0, 0, 0, 0, 0, 0, 0, 1197, 987, 10317
"c:\Users\benji\WorkSpace\Cpp\physics_simulation\src\external_libs\imgui\imgui_draw.cpp", "C++", 0, 3678, 0, 0, 0, 0, 0, 0, 0, 0, 0, 0, 477, 478, 4633
"c:\Users\benji\WorkSpace\Cpp\physics_simulation\src\external_libs\imgui\imgui_impl_glfw.cpp", "C++", 0, 664, 0, 0, 0, 0, 0, 0, 0, 0, 0, 0, 136, 87, 887
"c:\Users\benji\WorkSpace\Cpp\physics_simulation\src\external_libs\imgui\imgui_impl_glfw.h", "C++", 0, 25, 0, 0, 0, 0, 0, 0, 0, 0, 0, 0, 25, 11, 61
"c:\Users\benji\WorkSpace\Cpp\physics_simulation\src\external_libs\imgui\imgui_impl_opengl3.cpp", "C++", 0, 676, 0, 0, 0, 0, 0, 0, 0, 0, 0, 0, 193, 93, 962
"c:\Users\benji\WorkSpace\Cpp\physics_simulation\src\external_libs\imgui\imgui_impl_opengl3.h", "C++", 0, 24, 0, 0, 0, 0, 0, 0, 0, 0, 0, 0, 30, 13, 67
"c:\Users\benji\WorkSpace\Cpp\physics_simulation\src\external_libs\imgui\imgui_impl_opengl3_loader.h", "C++", 0, 749, 0, 0, 0, 0, 0, 0, 0, 0, 0, 0, 101, 61, 911
"c:\Users\benji\WorkSpace\Cpp\physics_simulation\src\external_libs\imgui\imgui_internal.h", "C++", 0, 2791, 0, 0, 0, 0, 0, 0, 0, 0, 0, 0, 531, 391, 3713
"c:\Users\benji\WorkSpace\Cpp\physics_simulation\src\external_libs\imgui\imgui_tables.cpp", "C++", 0, 2993, 0, 0, 0, 0, 0, 0, 0, 0, 0, 0, 972, 487, 4452
"c:\Users\benji\WorkSpace\Cpp\physics_simulation\src\external_libs\imgui\imgui_widgets.cpp", "C++", 0, 7665, 0, 0, 0, 0, 0, 0, 0, 0, 0, 0, 1365, 1140, 10170
"c:\Users\benji\WorkSpace\Cpp\physics_simulation\src\external_libs\imgui\imstb_rectpack.h", "C++", 0, 324, 0, 0, 0, 0, 0, 0, 0, 0, 0, 0, 229, 75, 628
"c:\Users\benji\WorkSpace\Cpp\physics_simulation\src\external_libs\imgui\imstb_textedit.h", "C++", 0, 811, 0, 0, 0, 0, 0, 0, 0, 0, 0, 0, 464, 167, 1442
"c:\Users\benji\WorkSpace\Cpp\physics_simulation\src\external_libs\imgui\imstb_truetype.h", "C++", 0, 3485, 0, 0, 0, 0, 0, 0, 0, 0, 0, 0, 1010, 591, 5086
"c:\Users\benji\WorkSpace\Cpp\physics_simulation\src\external_libs\imgui_src\.github\FUNDING.yml", "YAML", 0, 0, 0, 0, 0, 1, 0, 0, 0, 0, 0, 0, 0, 1, 2
"c:\Users\benji\WorkSpace\Cpp\physics_simulation\src\external_libs\imgui_src\.github\ISSUE_TEMPLATE\config.yml", "YAML", 0, 0, 0, 0, 0, 1, 0, 0, 0, 0, 0, 0, 0, 1, 2
"c:\Users\benji\WorkSpace\Cpp\physics_simulation\src\external_libs\imgui_src\.github\ISSUE_TEMPLATE\issue_template.yml", "YAML", 0, 0, 0, 0, 0, 87, 0, 0, 0, 0, 0, 0, 0, 4, 91
"c:\Users\benji\WorkSpace\Cpp\physics_simulation\src\external_libs\imgui_src\.github\pull_request_template.md", "Markdown", 0, 0, 0, 0, 0, 0, 3, 0, 0, 0, 0, 0, 0, 4, 7
"c:\Users\benji\WorkSpace\Cpp\physics_simulation\src\external_libs\imgui_src\.github\workflows\scheduled.yml", "YAML", 0, 0, 0, 0, 0, 9, 0, 0, 0, 0, 0, 0, 4, 3, 16
"c:\Users\benji\WorkSpace\Cpp\physics_simulation\src\external_libs\imgui_src\.github\workflows\static-analysis.yml", "YAML", 0, 0, 0, 0, 0, 40, 0, 0, 0, 0, 0, 0, 2, 5, 47
"c:\Users\benji\WorkSpace\Cpp\physics_simulation\src\external_libs\imgui_src\backends\imgui_impl_allegro5.cpp", "C++", 0, 463, 0, 0, 0, 0, 0, 0, 0, 0, 0, 0, 97, 56, 616
"c:\Users\benji\WorkSpace\Cpp\physics_simulation\src\external_libs\imgui_src\backends\imgui_impl_allegro5.h", "C++", 0, 13, 0, 0, 0, 0, 0, 0, 0, 0, 0, 0, 19, 8, 40
"c:\Users\benji\WorkSpace\Cpp\physics_simulation\src\external_libs\imgui_src\backends\imgui_impl_android.cpp", "C++", 0, 246, 0, 0, 0, 0, 0, 0, 0, 0, 0, 0, 38, 25, 309
"c:\Users\benji\WorkSpace\Cpp\physics_simulation\src\external_libs\imgui_src\backends\imgui_impl_android.h", "C++", 0, 10, 0, 0, 0, 0, 0, 0, 0, 0, 0, 0, 21, 7, 38
"c:\Users\benji\WorkSpace\Cpp\physics_simulation\src\external_libs\imgui_src\backends\imgui_impl_dx10.cpp", "C++", 0, 459, 0, 0, 0, 0, 0, 0, 0, 0, 0, 0, 75, 57, 591
"c:\Users\benji\WorkSpace\Cpp\physics_simulation\src\external_libs\imgui_src\backends\imgui_impl_dx10.h", "C++", 0, 11, 0, 0, 0, 0, 0, 0, 0, 0, 0, 0, 14, 8, 33
"c:\Users\benji\WorkSpace\Cpp\physics_simulation\src\external_libs\imgui_src\backends\imgui_impl_dx11.cpp", "C++", 0, 473, 0, 0, 0, 0, 0, 0, 0, 0, 0, 0, 76, 58, 607
"c:\Users\benji\WorkSpace\Cpp\physics_simulation\src\external_libs\imgui_src\backends\imgui_impl_dx11.h", "C++", 0, 12, 0, 0, 0, 0, 0, 0, 0, 0, 0, 0, 14, 8, 34
"c:\Users\benji\WorkSpace\Cpp\physics_simulation\src\external_libs\imgui_src\backends\imgui_impl_dx12.cpp", "C++", 0, 575, 0, 0, 0, 0, 0, 0, 0, 0, 0, 0, 97, 91, 763
"c:\Users\benji\WorkSpace\Cpp\physics_simulation\src\external_libs\imgui_src\backends\imgui_impl_dx12.h", "C++", 0, 17, 0, 0, 0, 0, 0, 0, 0, 0, 0, 0, 20, 10, 47
"c:\Users\benji\WorkSpace\Cpp\physics_simulation\src\external_libs\imgui_src\backends\imgui_impl_dx9.cpp", "C++", 0, 298, 0, 0, 0, 0, 0, 0, 0, 0, 0, 0, 69, 45, 412
"c:\Users\benji\WorkSpace\Cpp\physics_simulation\src\external_libs\imgui_src\backends\imgui_impl_dx9.h", "C++", 0, 11, 0, 0, 0, 0, 0, 0, 0, 0, 0, 0, 14, 8, 33
"c:\Users\benji\WorkSpace\Cpp\physics_simulation\src\external_libs\imgui_src\backends\imgui_impl_glfw.cpp", "C++", 0, 664, 0, 0, 0, 0, 0, 0, 0, 0, 0, 0, 136, 87, 887
"c:\Users\benji\WorkSpace\Cpp\physics_simulation\src\external_libs\imgui_src\backends\imgui_impl_glfw.h", "C++", 0, 25, 0, 0, 0, 0, 0, 0, 0, 0, 0, 0, 25, 11, 61
"c:\Users\benji\WorkSpace\Cpp\physics_simulation\src\external_libs\imgui_src\backends\imgui_impl_glut.cpp", "C++", 0, 221, 0, 0, 0, 0, 0, 0, 0, 0, 0, 0, 61, 28, 310
"c:\Users\benji\WorkSpace\Cpp\physics_simulation\src\external_libs\imgui_src\backends\imgui_impl_glut.h", "C++", 0, 16, 0, 0, 0, 0, 0, 0, 0, 0, 0, 0, 24, 8, 48
"c:\Users\benji\WorkSpace\Cpp\physics_simulation\src\external_libs\imgui_src\backends\imgui_impl_metal.h", "C++", 0, 32, 0, 0, 0, 0, 0, 0, 0, 0, 0, 0, 25, 18, 75
"c:\Users\benji\WorkSpace\Cpp\physics_simulation\src\external_libs\imgui_src\backends\imgui_impl_metal.mm", "Objective-C++", 0, 0, 0, 445, 0, 0, 0, 0, 0, 0, 0, 0, 62, 86, 593
"c:\Users\benji\WorkSpace\Cpp\physics_simulation\src\external_libs\imgui_src\backends\imgui_impl_opengl2.cpp", "C++", 0, 189, 0, 0, 0, 0, 0, 0, 0, 0, 0, 0, 77, 41, 307
"c:\Users\benji\WorkSpace\Cpp\physics_simulation\src\external_libs\imgui_src\backends\imgui_impl_opengl2.h", "C++", 0, 12, 0, 0, 0, 0, 0, 0, 0, 0, 0, 0, 20, 8, 40
"c:\Users\benji\WorkSpace\Cpp\physics_simulation\src\external_libs\imgui_src\backends\imgui_impl_opengl3.cpp", "C++", 0, 676, 0, 0, 0, 0, 0, 0, 0, 0, 0, 0, 193, 93, 962
"c:\Users\benji\WorkSpace\Cpp\physics_simulation\src\external_libs\imgui_src\backends\imgui_impl_opengl3.h", "C++", 0, 24, 0, 0, 0, 0, 0, 0, 0, 0, 0, 0, 30, 13, 67
"c:\Users\benji\WorkSpace\Cpp\physics_simulation\src\external_libs\imgui_src\backends\imgui_impl_opengl3_loader.h", "C++", 0, 749, 0, 0, 0, 0, 0, 0, 0, 0, 0, 0, 101, 61, 911
"c:\Users\benji\WorkSpace\Cpp\physics_simulation\src\external_libs\imgui_src\backends\imgui_impl_osx.h", "C++", 0, 17, 0, 0, 0, 0, 0, 0, 0, 0, 0, 0, 24, 13, 54
"c:\Users\benji\WorkSpace\Cpp\physics_simulation\src\external_libs\imgui_src\backends\imgui_impl_osx.mm", "Objective-C++", 0, 0, 0, 600, 0, 0, 0, 0, 0, 0, 0, 0, 118, 101, 819
"c:\Users\benji\WorkSpace\Cpp\physics_simulation\src\external_libs\imgui_src\backends\imgui_impl_sdl2.cpp", "C++", 0, 577, 0, 0, 0, 0, 0, 0, 0, 0, 0, 0, 129, 65, 771
"c:\Users\benji\WorkSpace\Cpp\physics_simulation\src\external_libs\imgui_src\backends\imgui_impl_sdl2.h", "C++", 0, 19, 0, 0, 0, 0, 0, 0, 0, 0, 0, 0, 20, 8, 47
"c:\Users\benji\WorkSpace\Cpp\physics_simulation\src\external_libs\imgui_src\backends\imgui_impl_sdl3.cpp", "C++", 0, 581, 0, 0, 0, 0, 0, 0, 0, 0, 0, 0, 89, 67, 737
"c:\Users\benji\WorkSpace\Cpp\physics_simulation\src\external_libs\imgui_src\backends\imgui_impl_sdl3.h", "C++", 0, 19, 0, 0, 0, 0, 0, 0, 0, 0, 0, 0, 20, 9, 48
"c:\Users\benji\WorkSpace\Cpp\physics_simulation\src\external_libs\imgui_src\backends\imgui_impl_sdlrenderer2.cpp", "C++", 0, 172, 0, 0, 0, 0, 0, 0, 0, 0, 0, 0, 52, 41, 265
"c:\Users\benji\WorkSpace\Cpp\physics_simulation\src\external_libs\imgui_src\backends\imgui_impl_sdlrenderer2.h", "C++", 0, 13, 0, 0, 0, 0, 0, 0, 0, 0, 0, 0, 19, 9, 41
"c:\Users\benji\WorkSpace\Cpp\physics_simulation\src\external_libs\imgui_src\backends\imgui_impl_sdlrenderer3.cpp", "C++", 0, 188, 0, 0, 0, 0, 0, 0, 0, 0, 0, 0, 50, 44, 282
"c:\Users\benji\WorkSpace\Cpp\physics_simulation\src\external_libs\imgui_src\backends\imgui_impl_sdlrenderer3.h", "C++", 0, 13, 0, 0, 0, 0, 0, 0, 0, 0, 0, 0, 19, 9, 41
"c:\Users\benji\WorkSpace\Cpp\physics_simulation\src\external_libs\imgui_src\backends\imgui_impl_vulkan.cpp", "C++", 0, 1214, 0, 0, 0, 0, 0, 0, 0, 0, 0, 0, 225, 150, 1589
"c:\Users\benji\WorkSpace\Cpp\physics_simulation\src\external_libs\imgui_src\backends\imgui_impl_vulkan.h", "C++", 0, 97, 0, 0, 0, 0, 0, 0, 0, 0, 0, 0, 73, 26, 196
"c:\Users\benji\WorkSpace\Cpp\physics_simulation\src\external_libs\imgui_src\backends\imgui_impl_wgpu.cpp", "C++", 0, 622, 0, 0, 0, 0, 0, 0, 0, 0, 0, 0, 79, 98, 799
"c:\Users\benji\WorkSpace\Cpp\physics_simulation\src\external_libs\imgui_src\backends\imgui_impl_wgpu.h", "C++", 0, 25, 0, 0, 0, 0, 0, 0, 0, 0, 0, 0, 16, 10, 51
"c:\Users\benji\WorkSpace\Cpp\physics_simulation\src\external_libs\imgui_src\backends\imgui_impl_win32.cpp", "C++", 0, 700, 0, 0, 0, 0, 0, 0, 0, 0, 0, 0, 151, 75, 926
"c:\Users\benji\WorkSpace\Cpp\physics_simulation\src\external_libs\imgui_src\backends\imgui_impl_win32.h", "C++", 0, 15, 0, 0, 0, 0, 0, 0, 0, 0, 0, 0, 29, 10, 54
"c:\Users\benji\WorkSpace\Cpp\physics_simulation\src\external_libs\imgui_src\backends\vulkan\generate_spv.sh", "Shell Script", 0, 0, 0, 0, 0, 0, 0, 0, 0, 2, 0, 0, 4, 1, 7
"c:\Users\benji\WorkSpace\Cpp\physics_simulation\src\external_libs\imgui_src\backends\vulkan\glsl_shader.frag", "GLSL", 11, 0, 0, 0, 0, 0, 0, 0, 0, 0, 0, 0, 0, 4, 15
"c:\Users\benji\WorkSpace\Cpp\physics_simulation\src\external_libs\imgui_src\backends\vulkan\glsl_shader.vert", "GLSL", 21, 0, 0, 0, 0, 0, 0, 0, 0, 0, 0, 0, 0, 5, 26
"c:\Users\benji\WorkSpace\Cpp\physics_simulation\src\external_libs\imgui_src\docs\BACKENDS.md", "Markdown", 0, 0, 0, 0, 0, 0, 105, 0, 0, 0, 0, 0, 0, 42, 147
"c:\Users\benji\WorkSpace\Cpp\physics_simulation\src\external_libs\imgui_src\docs\CONTRIBUTING.md", "Markdown", 0, 0, 0, 0, 0, 0, 58, 0, 0, 0, 0, 0, 0, 24, 82
"c:\Users\benji\WorkSpace\Cpp\physics_simulation\src\external_libs\imgui_src\docs\EXAMPLES.md", "Markdown", 0, 0, 0, 0, 0, 0, 164, 0, 0, 0, 0, 0, 0, 49, 213
"c:\Users\benji\WorkSpace\Cpp\physics_simulation\src\external_libs\imgui_src\docs\FAQ.md", "Markdown", 0, 0, 0, 0, 0, 0, 550, 0, 0, 0, 0, 0, 0, 158, 708
"c:\Users\benji\WorkSpace\Cpp\physics_simulation\src\external_libs\imgui_src\docs\FONTS.md", "Markdown", 0, 0, 0, 0, 0, 0, 366, 0, 0, 0, 0, 0, 0, 133, 499
"c:\Users\benji\WorkSpace\Cpp\physics_simulation\src\external_libs\imgui_src\docs\README.md", "Markdown", 0, 0, 0, 0, 0, 0, 149, 0, 0, 0, 0, 0, 0, 74, 223
"c:\Users\benji\WorkSpace\Cpp\physics_simulation\src\external_libs\imgui_src\examples\example_allegro5\README.md", "Markdown", 0, 0, 0, 0, 0, 0, 27, 0, 0, 0, 0, 0, 0, 10, 37
"c:\Users\benji\WorkSpace\Cpp\physics_simulation\src\external_libs\imgui_src\examples\example_allegro5\example_allegro5.vcxproj", "XML", 0, 0, 0, 0, 185, 0, 0, 0, 0, 0, 0, 0, 0, 0, 185
"c:\Users\benji\WorkSpace\Cpp\physics_simulation\src\external_libs\imgui_src\examples\example_allegro5\imconfig_allegro5.h", "C++", 0, 2, 0, 0, 0, 0, 0, 0, 0, 0, 0, 0, 7, 3, 12
"c:\Users\benji\WorkSpace\Cpp\physics_simulation\src\external_libs\imgui_src\examples\example_allegro5\main.cpp", "C++", 0, 82, 0, 0, 0, 0, 0, 0, 0, 0, 0, 0, 45, 23, 150
"c:\Users\benji\WorkSpace\Cpp\physics_simulation\src\external_libs\imgui_src\examples\example_android_opengl3\CMakeLists.txt", "CMake", 0, 0, 33, 0, 0, 0, 0, 0, 0, 0, 0, 0, 0, 8, 41
"c:\Users\benji\WorkSpace\Cpp\physics_simulation\src\external_libs\imgui_src\examples\example_android_opengl3\android\app\src\main\AndroidManifest.xml", "XML", 0, 0, 0, 0, 21, 0, 0, 0, 0, 0, 0, 0, 0, 4, 25
"c:\Users\benji\WorkSpace\Cpp\physics_simulation\src\external_libs\imgui_src\examples\example_android_opengl3\android\settings.gradle", "Groovy", 0, 0, 0, 0, 0, 0, 0, 0, 0, 0, 0, 1, 0, 1, 2
"c:\Users\benji\WorkSpace\Cpp\physics_simulation\src\external_libs\imgui_src\examples\example_android_opengl3\main.cpp", "C++", 0, 241, 0, 0, 0, 0, 0, 0, 0, 0, 0, 0, 73, 70, 384
"c:\Users\benji\WorkSpace\Cpp\physics_simulation\src\external_libs\imgui_src\examples\example_apple_metal\README.md", "Markdown", 0, 0, 0, 0, 0, 0, 4, 0, 0, 0, 0, 0, 0, 7, 11
"c:\Users\benji\WorkSpace\Cpp\physics_simulation\src\external_libs\imgui_src\examples\example_apple_metal\iOS\LaunchScreen.storyboard", "XML", 0, 0, 0, 0, 26, 0, 0, 0, 0, 0, 0, 0, 1, 1, 28
"c:\Users\benji\WorkSpace\Cpp\physics_simulation\src\external_libs\imgui_src\examples\example_apple_metal\macOS\MainMenu.storyboard", "XML", 0, 0, 0, 0, 92, 0, 0, 0, 0, 0, 0, 0, 1, 1, 94
"c:\Users\benji\WorkSpace\Cpp\physics_simulation\src\external_libs\imgui_src\examples\example_apple_metal\main.mm", "Objective-C++", 0, 0, 0, 219, 0, 0, 0, 0, 0, 0, 0, 0, 50, 69, 338
"c:\Users\benji\WorkSpace\Cpp\physics_simulation\src\external_libs\imgui_src\examples\example_apple_opengl2\main.mm", "Objective-C++", 0, 0, 0, 160, 0, 0, 0, 0, 0, 0, 0, 0, 44, 53, 257
"c:\Users\benji\WorkSpace\Cpp\physics_simulation\src\external_libs\imgui_src\examples\example_glfw_metal\Makefile", "Makefile", 0, 0, 0, 0, 0, 0, 0, 28, 0, 0, 0, 0, 6, 13, 47
"c:\Users\benji\WorkSpace\Cpp\physics_simulation\src\external_libs\imgui_src\examples\example_glfw_metal\main.mm", "Objective-C++", 0, 0, 0, 103, 0, 0, 0, 0, 0, 0, 0, 0, 41, 34, 178
"c:\Users\benji\WorkSpace\Cpp\physics_simulation\src\external_libs\imgui_src\examples\example_glfw_opengl2\Makefile", "Makefile", 0, 0, 0, 0, 0, 0, 0, 42, 0, 0, 0, 0, 21, 19, 82
"c:\Users\benji\WorkSpace\Cpp\physics_simulation\src\external_libs\imgui_src\examples\example_glfw_opengl2\example_glfw_opengl2.vcxproj", "XML", 0, 0, 0, 0, 186, 0, 0, 0, 0, 0, 0, 0, 0, 0, 186
"c:\Users\benji\WorkSpace\Cpp\physics_simulation\src\external_libs\imgui_src\examples\example_glfw_opengl2\main.cpp", "C++", 0, 85, 0, 0, 0, 0, 0, 0, 0, 0, 0, 0, 53, 29, 167
"c:\Users\benji\WorkSpace\Cpp\physics_simulation\src\external_libs\imgui_src\examples\example_glfw_opengl3\Makefile", "Makefile", 0, 0, 0, 0, 0, 0, 0, 43, 0, 0, 0, 0, 27, 20, 90
"c:\Users\benji\WorkSpace\Cpp\physics_simulation\src\external_libs\imgui_src\examples\example_glfw_opengl3\example_glfw_opengl3.vcxproj", "XML", 0, 0, 0, 0, 187, 0, 0, 0, 0, 0, 0, 0, 0, 0, 187
"c:\Users\benji\WorkSpace\Cpp\physics_simulation\src\external_libs\imgui_src\examples\example_glfw_opengl3\main.cpp", "C++", 0, 115, 0, 0, 0, 0, 0, 0, 0, 0, 0, 0, 54, 29, 198
"c:\Users\benji\WorkSpace\Cpp\physics_simulation\src\external_libs\imgui_src\examples\example_glfw_vulkan\CMakeLists.txt", "CMake", 0, 0, 36, 0, 0, 0, 0, 0, 0, 0, 0, 0, 0, 10, 46
"c:\Users\benji\WorkSpace\Cpp\physics_simulation\src\external_libs\imgui_src\examples\example_glfw_vulkan\example_glfw_vulkan.vcxproj", "XML", 0, 0, 0, 0, 190, 0, 0, 0, 0, 0, 0, 0, 0, 0, 190
"c:\Users\benji\WorkSpace\Cpp\physics_simulation\src\external_libs\imgui_src\examples\example_glfw_vulkan\main.cpp", "C++", 0, 416, 0, 0, 0, 0, 0, 0, 0, 0, 0, 0, 82, 72, 570
"c:\Users\benji\WorkSpace\Cpp\physics_simulation\src\external_libs\imgui_src\examples\example_glfw_wgpu\CMakeLists.txt", "CMake", 0, 0, 100, 0, 0, 0, 0, 0, 0, 0, 0, 0, 0, 14, 114
"c:\Users\benji\WorkSpace\Cpp\physics_simulation\src\external_libs\imgui_src\examples\example_glfw_wgpu\README.md", "Markdown", 0, 0, 0, 0, 0, 0, 17, 0, 0, 0, 0, 0, 0, 8, 25
"c:\Users\benji\WorkSpace\Cpp\physics_simulation\src\external_libs\imgui_src\examples\example_glfw_wgpu\main.cpp", "C++", 0, 242, 0, 0, 0, 0, 0, 0, 0, 0, 0, 0, 53, 51, 346
"c:\Users\benji\WorkSpace\Cpp\physics_simulation\src\external_libs\imgui_src\examples\example_glut_opengl2\Makefile", "Makefile", 0, 0, 0, 0, 0, 0, 0, 45, 0, 0, 0, 0, 15, 16, 76
"c:\Users\benji\WorkSpace\Cpp\physics_simulation\src\external_libs\imgui_src\examples\example_glut_opengl2\example_glut_opengl2.vcxproj", "XML", 0, 0, 0, 0, 186, 0, 0, 0, 0, 0, 0, 0, 0, 0, 186
"c:\Users\benji\WorkSpace\Cpp\physics_simulation\src\external_libs\imgui_src\examples\example_glut_opengl2\main.cpp", "C++", 0, 80, 0, 0, 0, 0, 0, 0, 0, 0, 0, 0, 55, 30, 165
"c:\Users\benji\WorkSpace\Cpp\physics_simulation\src\external_libs\imgui_src\examples\example_null\Makefile", "Makefile", 0, 0, 0, 0, 0, 0, 0, 58, 0, 0, 0, 0, 17, 18, 93
"c:\Users\benji\WorkSpace\Cpp\physics_simulation\src\external_libs\imgui_src\examples\example_null\main.cpp", "C++", 0, 27, 0, 0, 0, 0, 0, 0, 0, 0, 0, 0, 4, 7, 38
"c:\Users\benji\WorkSpace\Cpp\physics_simulation\src\external_libs\imgui_src\examples\example_sdl2_directx11\example_sdl2_directx11.vcxproj", "XML", 0, 0, 0, 0, 187, 0, 0, 0, 0, 0, 0, 0, 0, 0, 187
"c:\Users\benji\WorkSpace\Cpp\physics_simulation\src\external_libs\imgui_src\examples\example_sdl2_directx11\main.cpp", "C++", 0, 157, 0, 0, 0, 0, 0, 0, 0, 0, 0, 0, 53, 36, 246
"c:\Users\benji\WorkSpace\Cpp\physics_simulation\src\external_libs\imgui_src\examples\example_sdl2_metal\Makefile", "Makefile", 0, 0, 0, 0, 0, 0, 0, 29, 0, 0, 0, 0, 6, 13, 48
"c:\Users\benji\WorkSpace\Cpp\physics_simulation\src\external_libs\imgui_src\examples\example_sdl2_metal\main.mm", "Objective-C++", 0, 0, 0, 113, 0, 0, 0, 0, 0, 0, 0, 0, 44, 33, 190
"c:\Users\benji\WorkSpace\Cpp\physics_simulation\src\external_libs\imgui_src\examples\example_sdl2_opengl2\Makefile", "Makefile", 0, 0, 0, 0, 0, 0, 0, 42, 0, 0, 0, 0, 20, 18, 80
"c:\Users\benji\WorkSpace\Cpp\physics_simulation\src\external_libs\imgui_src\examples\example_sdl2_opengl2\README.md", "Markdown", 0, 0, 0, 0, 0, 0, 20, 0, 0, 0, 0, 0, 0, 10, 30
"c:\Users\benji\WorkSpace\Cpp\physics_simulation\src\external_libs\imgui_src\examples\example_sdl2_opengl2\example_sdl2_opengl2.vcxproj", "XML", 0, 0, 0, 0, 186, 0, 0, 0, 0, 0, 0, 0, 0, 0, 186
"c:\Users\benji\WorkSpace\Cpp\physics_simulation\src\external_libs\imgui_src\examples\example_sdl2_opengl2\main.cpp", "C++", 0, 98, 0, 0, 0, 0, 0, 0, 0, 0, 0, 0, 47, 27, 172
"c:\Users\benji\WorkSpace\Cpp\physics_simulation\src\external_libs\imgui_src\examples\example_sdl2_opengl3\Makefile", "Makefile", 0, 0, 0, 0, 0, 0, 0, 43, 0, 0, 0, 0, 29, 20, 92
"c:\Users\benji\WorkSpace\Cpp\physics_simulation\src\external_libs\imgui_src\examples\example_sdl2_opengl3\README.md", "Markdown", 0, 0, 0, 0, 0, 0, 42, 0, 0, 0, 0, 0, 0, 16, 58
"c:\Users\benji\WorkSpace\Cpp\physics_simulation\src\external_libs\imgui_src\examples\example_sdl2_opengl3\example_sdl2_opengl3.vcxproj", "XML", 0, 0, 0, 0, 187, 0, 0, 0, 0, 0, 0, 0, 0, 0, 187
"c:\Users\benji\WorkSpace\Cpp\physics_simulation\src\external_libs\imgui_src\examples\example_sdl2_opengl3\main.cpp", "C++", 0, 130, 0, 0, 0, 0, 0, 0, 0, 0, 0, 0, 51, 28, 209
"c:\Users\benji\WorkSpace\Cpp\physics_simulation\src\external_libs\imgui_src\examples\example_sdl2_sdlrenderer2\Makefile", "Makefile", 0, 0, 0, 0, 0, 0, 0, 42, 0, 0, 0, 0, 20, 18, 80
"c:\Users\benji\WorkSpace\Cpp\physics_simulation\src\external_libs\imgui_src\examples\example_sdl2_sdlrenderer2\README.md", "Markdown", 0, 0, 0, 0, 0, 0, 18, 0, 0, 0, 0, 0, 0, 8, 26
"c:\Users\benji\WorkSpace\Cpp\physics_simulation\src\external_libs\imgui_src\examples\example_sdl2_sdlrenderer2\example_sdl2_sdlrenderer2.vcxproj", "XML", 0, 0, 0, 0, 187, 0, 0, 0, 0, 0, 0, 0, 0, 1, 188
"c:\Users\benji\WorkSpace\Cpp\physics_simulation\src\external_libs\imgui_src\examples\example_sdl2_sdlrenderer2\main.cpp", "C++", 0, 98, 0, 0, 0, 0, 0, 0, 0, 0, 0, 0, 48, 27, 173
"c:\Users\benji\WorkSpace\Cpp\physics_simulation\src\external_libs\imgui_src\examples\example_sdl2_vulkan\example_sdl2_vulkan.vcxproj", "XML", 0, 0, 0, 0, 190, 0, 0, 0, 0, 0, 0, 0, 0, 0, 190
"c:\Users\benji\WorkSpace\Cpp\physics_simulation\src\external_libs\imgui_src\examples\example_sdl2_vulkan\main.cpp", "C++", 0, 426, 0, 0, 0, 0, 0, 0, 0, 0, 0, 0, 81, 72, 579
"c:\Users\benji\WorkSpace\Cpp\physics_simulation\src\external_libs\imgui_src\examples\example_sdl3_opengl3\Makefile", "Makefile", 0, 0, 0, 0, 0, 0, 0, 43, 0, 0, 0, 0, 22, 20, 85
"c:\Users\benji\WorkSpace\Cpp\physics_simulation\src\external_libs\imgui_src\examples\example_sdl3_opengl3\README.md", "Markdown", 0, 0, 0, 0, 0, 0, 29, 0, 0, 0, 0, 0, 0, 12, 41
"c:\Users\benji\WorkSpace\Cpp\physics_simulation\src\external_libs\imgui_src\examples\example_sdl3_opengl3\example_sdl3_opengl3.vcxproj", "XML", 0, 0, 0, 0, 187, 0, 0, 0, 0, 0, 0, 0, 0, 0, 187
"c:\Users\benji\WorkSpace\Cpp\physics_simulation\src\external_libs\imgui_src\examples\example_sdl3_opengl3\main.cpp", "C++", 0, 129, 0, 0, 0, 0, 0, 0, 0, 0, 0, 0, 50, 26, 205
"c:\Users\benji\WorkSpace\Cpp\physics_simulation\src\external_libs\imgui_src\examples\example_sdl3_sdlrenderer3\Makefile", "Makefile", 0, 0, 0, 0, 0, 0, 0, 43, 0, 0, 0, 0, 13, 18, 74
"c:\Users\benji\WorkSpace\Cpp\physics_simulation\src\external_libs\imgui_src\examples\example_sdl3_sdlrenderer3\example_sdl3_sdlrenderer3.vcxproj", "XML", 0, 0, 0, 0, 186, 0, 0, 0, 0, 0, 0, 0, 0, 0, 186
"c:\Users\benji\WorkSpace\Cpp\physics_simulation\src\external_libs\imgui_src\examples\example_sdl3_sdlrenderer3\main.cpp", "C++", 0, 104, 0, 0, 0, 0, 0, 0, 0, 0, 0, 0, 48, 25, 177
"c:\Users\benji\WorkSpace\Cpp\physics_simulation\src\external_libs\imgui_src\examples\example_win32_directx10\example_win32_directx10.vcxproj", "XML", 0, 0, 0, 0, 176, 0, 0, 0, 0, 0, 0, 0, 0, 0, 176
"c:\Users\benji\WorkSpace\Cpp\physics_simulation\src\external_libs\imgui_src\examples\example_win32_directx10\main.cpp", "C++", 0, 177, 0, 0, 0, 0, 0, 0, 0, 0, 0, 0, 55, 40, 272
"c:\Users\benji\WorkSpace\Cpp\physics_simulation\src\external_libs\imgui_src\examples\example_win32_directx11\example_win32_directx11.vcxproj", "XML", 0, 0, 0, 0, 175, 0, 0, 0, 0, 0, 0, 0, 0, 0, 175
"c:\Users\benji\WorkSpace\Cpp\physics_simulation\src\external_libs\imgui_src\examples\example_win32_directx11\main.cpp", "C++", 0, 180, 0, 0, 0, 0, 0, 0, 0, 0, 0, 0, 55, 40, 275
"c:\Users\benji\WorkSpace\Cpp\physics_simulation\src\external_libs\imgui_src\examples\example_win32_directx12\example_win32_directx12.vcxproj", "XML", 0, 0, 0, 0, 180, 0, 0, 0, 0, 0, 0, 0, 0, 0, 180
"c:\Users\benji\WorkSpace\Cpp\physics_simulation\src\external_libs\imgui_src\examples\example_win32_directx12\main.cpp", "C++", 0, 351, 0, 0, 0, 0, 0, 0, 0, 0, 0, 0, 60, 73, 484
"c:\Users\benji\WorkSpace\Cpp\physics_simulation\src\external_libs\imgui_src\examples\example_win32_directx9\example_win32_directx9.vcxproj", "XML", 0, 0, 0, 0, 176, 0, 0, 0, 0, 0, 0, 0, 0, 0, 176
"c:\Users\benji\WorkSpace\Cpp\physics_simulation\src\external_libs\imgui_src\examples\example_win32_directx9\main.cpp", "C++", 0, 174, 0, 0, 0, 0, 0, 0, 0, 0, 0, 0, 53, 38, 265
"c:\Users\benji\WorkSpace\Cpp\physics_simulation\src\external_libs\imgui_src\examples\example_win32_opengl3\example_win32_opengl3.vcxproj", "XML", 0, 0, 0, 0, 176, 0, 0, 0, 0, 0, 0, 0, 0, 0, 176
"c:\Users\benji\WorkSpace\Cpp\physics_simulation\src\external_libs\imgui_src\examples\example_win32_opengl3\main.cpp", "C++", 0, 151, 0, 0, 0, 0, 0, 0, 0, 0, 0, 0, 51, 37, 239
"c:\Users\benji\WorkSpace\Cpp\physics_simulation\src\external_libs\imgui_src\examples\libs\emscripten\emscripten_mainloop_stub.h", "C++", 0, 11, 0, 0, 0, 0, 0, 0, 0, 0, 0, 0, 25, 2, 38
"c:\Users\benji\WorkSpace\Cpp\physics_simulation\src\external_libs\imgui_src\examples\libs\emscripten\shell_minimal.html", "HTML", 0, 0, 0, 0, 0, 0, 0, 0, 65, 0, 0, 0, 0, 1, 66
"c:\Users\benji\WorkSpace\Cpp\physics_simulation\src\external_libs\imgui_src\examples\libs\glfw\include\GLFW\glfw3.h", "C++", 0, 475, 0, 0, 0, 0, 0, 0, 0, 0, 0, 0, 3570, 183, 4228
"c:\Users\benji\WorkSpace\Cpp\physics_simulation\src\external_libs\imgui_src\examples\libs\glfw\include\GLFW\glfw3native.h", "C++", 0, 77, 0, 0, 0, 0, 0, 0, 0, 0, 0, 0, 343, 37, 457
"c:\Users\benji\WorkSpace\Cpp\physics_simulation\src\external_libs\imgui_src\examples\libs\usynergy\uSynergy.c", "C", 0, 0, 0, 0, 0, 0, 0, 0, 0, 0, 366, 0, 194, 77, 637
"c:\Users\benji\WorkSpace\Cpp\physics_simulation\src\external_libs\imgui_src\examples\libs\usynergy\uSynergy.h", "C++", 0, 96, 0, 0, 0, 0, 0, 0, 0, 0, 0, 0, 237, 88, 421
"c:\Users\benji\WorkSpace\Cpp\physics_simulation\src\external_libs\imgui_src\imconfig.h", "C++", 0, 1, 0, 0, 0, 0, 0, 0, 0, 0, 0, 0, 114, 22, 137
"c:\Users\benji\WorkSpace\Cpp\physics_simulation\src\external_libs\imgui_src\imgui.cpp", "C++", 0, 11649, 0, 0, 0, 0, 0, 0, 0, 0, 0, 0, 2992, 1623, 16264
"c:\Users\benji\WorkSpace\Cpp\physics_simulation\src\external_libs\imgui_src\imgui.h", "C++", 0, 2217, 0, 0, 0, 0, 0, 0, 0, 0, 0, 0, 1095, 332, 3644
"c:\Users\benji\WorkSpace\Cpp\physics_simulation\src\external_libs\imgui_src\imgui_demo.cpp", "C++", 0, 8133, 0, 0, 0, 0, 0, 0, 0, 0, 0, 0, 1197, 987, 10317
"c:\Users\benji\WorkSpace\Cpp\physics_simulation\src\external_libs\imgui_src\imgui_draw.cpp", "C++", 0, 3678, 0, 0, 0, 0, 0, 0, 0, 0, 0, 0, 477, 478, 4633
"c:\Users\benji\WorkSpace\Cpp\physics_simulation\src\external_libs\imgui_src\imgui_internal.h", "C++", 0, 2791, 0, 0, 0, 0, 0, 0, 0, 0, 0, 0, 531, 391, 3713
"c:\Users\benji\WorkSpace\Cpp\physics_simulation\src\external_libs\imgui_src\imgui_tables.cpp", "C++", 0, 2993, 0, 0, 0, 0, 0, 0, 0, 0, 0, 0, 972, 487, 4452
"c:\Users\benji\WorkSpace\Cpp\physics_simulation\src\external_libs\imgui_src\imgui_widgets.cpp", "C++", 0, 7665, 0, 0, 0, 0, 0, 0, 0, 0, 0, 0, 1365, 1140, 10170
"c:\Users\benji\WorkSpace\Cpp\physics_simulation\src\external_libs\imgui_src\imstb_rectpack.h", "C++", 0, 324, 0, 0, 0, 0, 0, 0, 0, 0, 0, 0, 229, 75, 628
"c:\Users\benji\WorkSpace\Cpp\physics_simulation\src\external_libs\imgui_src\imstb_textedit.h", "C++", 0, 811, 0, 0, 0, 0, 0, 0, 0, 0, 0, 0, 464, 167, 1442
"c:\Users\benji\WorkSpace\Cpp\physics_simulation\src\external_libs\imgui_src\imstb_truetype.h", "C++", 0, 3485, 0, 0, 0, 0, 0, 0, 0, 0, 0, 0, 1010, 591, 5086
"c:\Users\benji\WorkSpace\Cpp\physics_simulation\src\external_libs\imgui_src\misc\cpp\imgui_stdlib.cpp", "C++", 0, 62, 0, 0, 0, 0, 0, 0, 0, 0, 0, 0, 10, 14, 86
"c:\Users\benji\WorkSpace\Cpp\physics_simulation\src\external_libs\imgui_src\misc\cpp\imgui_stdlib.h", "C++", 0, 8, 0, 0, 0, 0, 0, 0, 0, 0, 0, 0, 8, 6, 22
"c:\Users\benji\WorkSpace\Cpp\physics_simulation\src\external_libs\imgui_src\misc\fonts\binary_to_compressed_c.cpp", "C++", 0, 283, 0, 0, 0, 0, 0, 0, 0, 0, 0, 0, 43, 63, 389
"c:\Users\benji\WorkSpace\Cpp\physics_simulation\src\external_libs\imgui_src\misc\freetype\README.md", "Markdown", 0, 0, 0, 0, 0, 0, 29, 0, 0, 0, 0, 0, 0, 16, 45
"c:\Users\benji\WorkSpace\Cpp\physics_simulation\src\external_libs\imgui_src\misc\freetype\imgui_freetype.cpp", "C++", 0, 670, 0, 0, 0, 0, 0, 0, 0, 0, 0, 0, 156, 125, 951
"c:\Users\benji\WorkSpace\Cpp\physics_simulation\src\external_libs\imgui_src\misc\freetype\imgui_freetype.h", "C++", 0, 26, 0, 0, 0, 0, 0, 0, 0, 0, 0, 0, 18, 8, 52
"c:\Users\benji\WorkSpace\Cpp\physics_simulation\src\external_libs\imgui_src\misc\single_file\imgui_single_file.h", "C++", 0, 17, 0, 0, 0, 0, 0, 0, 0, 0, 0, 0, 8, 5, 30
"c:\Users\benji\WorkSpace\Cpp\physics_simulation\src\external_libs\stb_image\stb_image.cpp", "C++", 0, 2, 0, 0, 0, 0, 0, 0, 0, 0, 0, 0, 0, 0, 2
"c:\Users\benji\WorkSpace\Cpp\physics_simulation\src\external_libs\stb_image\stb_image.h", "C++", 0, 5842, 0, 0, 0, 0, 0, 0, 0, 0, 0, 0, 1285, 861, 7988
"c:\Users\benji\WorkSpace\Cpp\physics_simulation\src\gl_core\CMakeLists.txt", "CMake", 0, 0, 42, 0, 0, 0, 0, 0, 0, 0, 0, 0, 0, 1, 43
"c:\Users\benji\WorkSpace\Cpp\physics_simulation\src\gl_core\context.cpp", "C++", 0, -167, 0, 0, 0, 0, 0, 0, 0, 0, 0, 0, -37, -30, -234
"c:\Users\benji\WorkSpace\Cpp\physics_simulation\src\gl_core\context.h", "C++", 0, -90, 0, 0, 0, 0, 0, 0, 0, 0, 0, 0, -2, -14, -106
"c:\Users\benji\WorkSpace\Cpp\physics_simulation\src\gl_core\core\CMakeLists.txt", "CMake", 0, 0, 6, 0, 0, 0, 0, 0, 0, 0, 0, 0, 0, 0, 6
"c:\Users\benji\WorkSpace\Cpp\physics_simulation\src\gl_core\core\context.cpp", "C++", 0, 167, 0, 0, 0, 0, 0, 0, 0, 0, 0, 0, 37, 30, 234
"c:\Users\benji\WorkSpace\Cpp\physics_simulation\src\gl_core\core\context.h", "C++", 0, 90, 0, 0, 0, 0, 0, 0, 0, 0, 0, 0, 2, 14, 106
"c:\Users\benji\WorkSpace\Cpp\physics_simulation\src\gl_core\core\engine.cpp", "C++", 0, 13, 0, 0, 0, 0, 0, 0, 0, 0, 0, 0, 0, 3, 16
"c:\Users\benji\WorkSpace\Cpp\physics_simulation\src\gl_core\core\engine.h", "C++", 0, 23, 0, 0, 0, 0, 0, 0, 0, 0, 0, 0, 3, 11, 37
"c:\Users\benji\WorkSpace\Cpp\physics_simulation\src\gl_core\core\services.cpp", "C++", 0, 5, 0, 0, 0, 0, 0, 0, 0, 0, 0, 0, 0, 1, 6
"c:\Users\benji\WorkSpace\Cpp\physics_simulation\src\gl_core\core\services.h", "C++", 0, 24, 0, 0, 0, 0, 0, 0, 0, 0, 0, 0, 0, 8, 32
"c:\Users\benji\WorkSpace\Cpp\physics_simulation\src\gl_core\engine.cpp", "C++", 0, -13, 0, 0, 0, 0, 0, 0, 0, 0, 0, 0, 0, -3, -16
"c:\Users\benji\WorkSpace\Cpp\physics_simulation\src\gl_core\engine.h", "C++", 0, -23, 0, 0, 0, 0, 0, 0, 0, 0, 0, 0, -3, -11, -37
"c:\Users\benji\WorkSpace\Cpp\physics_simulation\src\gl_core\renderer.cpp", "C++", 0, -158, 0, 0, 0, 0, 0, 0, 0, 0, 0, 0, -2, -26, -186
"c:\Users\benji\WorkSpace\Cpp\physics_simulation\src\gl_core\renderer.h", "C++", 0, -64, 0, 0, 0, 0, 0, 0, 0, 0, 0, 0, -1, -17, -82
"c:\Users\benji\WorkSpace\Cpp\physics_simulation\src\gl_core\servers\CMakeLists.txt", "CMake", 0, 0, 8, 0, 0, 0, 0, 0, 0, 0, 0, 0, 0, 2, 10
"c:\Users\benji\WorkSpace\Cpp\physics_simulation\src\gl_core\servers\renderer.cpp", "C++", 0, 158, 0, 0, 0, 0, 0, 0, 0, 0, 0, 0, 2, 26, 186
"c:\Users\benji\WorkSpace\Cpp\physics_simulation\src\gl_core\servers\renderer.h", "C++", 0, 64, 0, 0, 0, 0, 0, 0, 0, 0, 0, 0, 1, 17, 82
"c:\Users\benji\WorkSpace\Cpp\physics_simulation\src\gl_core\services.cpp", "C++", 0, -5, 0, 0, 0, 0, 0, 0, 0, 0, 0, 0, 0, -1, -6
"c:\Users\benji\WorkSpace\Cpp\physics_simulation\src\gl_core\services.h", "C++", 0, -22, 0, 0, 0, 0, 0, 0, 0, 0, 0, 0, 0, -8, -30
"c:\Users\benji\WorkSpace\Cpp\physics_simulation\src\shader_source\batch_render.fs", "GLSL", 61, 0, 0, 0, 0, 0, 0, 0, 0, 0, 0, 0, 2, 13, 76
"c:\Users\benji\WorkSpace\Cpp\physics_simulation\src\shader_source\batch_render.vs", "GLSL", 124, 0, 0, 0, 0, 0, 0, 0, 0, 0, 0, 0, 11, 20, 155
"c:\Users\benji\WorkSpace\Cpp\physics_simulation\src\shader_source\default.fs", "GLSL", 6, 0, 0, 0, 0, 0, 0, 0, 0, 0, 0, 0, 0, 2, 8
"c:\Users\benji\WorkSpace\Cpp\physics_simulation\src\shader_source\default.vs", "GLSL", 23, 0, 0, 0, 0, 0, 0, 0, 0, 0, 0, 0, 0, 3, 26
"c:\Users\benji\WorkSpace\Cpp\physics_simulation\src\shader_source\directionally_challenged.fs", "GLSL", 58, 0, 0, 0, 0, 0, 0, 0, 0, 0, 0, 0, 4, 13, 75
"c:\Users\benji\WorkSpace\Cpp\physics_simulation\src\shader_source\directionally_challenged.vs", "GLSL", 42, 0, 0, 0, 0, 0, 0, 0, 0, 0, 0, 0, 8, 7, 57
"c:\Users\benji\WorkSpace\Cpp\physics_simulation\src\shader_source\fragment_ambient.fs", "GLSL", 14, 0, 0, 0, 0, 0, 0, 0, 0, 0, 0, 0, 0, 2, 16
"c:\Users\benji\WorkSpace\Cpp\physics_simulation\src\shader_source\frame_buffer.fs", "GLSL", 9, 0, 0, 0, 0, 0, 0, 0, 0, 0, 0, 0, 0, 1, 10
"c:\Users\benji\WorkSpace\Cpp\physics_simulation\src\shader_source\frame_buffer.vs", "GLSL", 19, 0, 0, 0, 0, 0, 0, 0, 0, 0, 0, 0, 0, 3, 22
"c:\Users\benji\WorkSpace\Cpp\physics_simulation\src\shader_source\phong_lighting_model.fs", "GLSL", 28, 0, 0, 0, 0, 0, 0, 0, 0, 0, 0, 0, 0, 7, 35
"c:\Users\benji\WorkSpace\Cpp\physics_simulation\src\shader_source\phong_lighting_model.vs", "GLSL", 22, 0, 0, 0, 0, 0, 0, 0, 0, 0, 0, 0, 0, 2, 24
"c:\Users\benji\WorkSpace\Cpp\physics_simulation\src\shader_source\point_light.fs", "GLSL", 25, 0, 0, 0, 0, 0, 0, 0, 0, 0, 0, 0, 0, 4, 29
"c:\Users\benji\WorkSpace\Cpp\physics_simulation\src\shader_source\point_light.vs", "GLSL", 26, 0, 0, 0, 0, 0, 0, 0, 0, 0, 0, 0, 0, 4, 30
"c:\Users\benji\WorkSpace\Cpp\physics_simulation\src\shader_source\post_process.fs", "GLSL", 23, 0, 0, 0, 0, 0, 0, 0, 0, 0, 0, 0, 0, 5, 28
"c:\Users\benji\WorkSpace\Cpp\physics_simulation\src\shader_source\post_process.vs", "GLSL", 19, 0, 0, 0, 0, 0, 0, 0, 0, 0, 0, 0, 0, 3, 22
"Total", "-", 531, 156907, 285, 1640, 3266, 138, 1581, 458, 65, 2, 1840, 1, 44666, 28237, 239617